Date,GHI
01-01-2000,4296
02-01-2000,4280
03-01-2000,4340
04-01-2000,4358
05-01-2000,4381
06-01-2000,4298
07-01-2000,3772
08-01-2000,4178
09-01-2000,4003
10-01-2000,4046
11-01-2000,4346
12-01-2000,4308
13-01-2000,4241
14-01-2000,4361
15-01-2000,4372
16-01-2000,4444
17-01-2000,4500
18-01-2000,4427
19-01-2000,4568
20-01-2000,4529
21-01-2000,4384
22-01-2000,4388
23-01-2000,4679
24-01-2000,4738
25-01-2000,4642
26-01-2000,4785
27-01-2000,4661
28-01-2000,4801
29-01-2000,4931
30-01-2000,4961
31-01-2000,4569
01-02-2000,4804
02-02-2000,4903
03-02-2000,4767
04-02-2000,4291
05-02-2000,5166
06-02-2000,5028
07-02-2000,5175
08-02-2000,5242
09-02-2000,4978
10-02-2000,2224
11-02-2000,5163
12-02-2000,5309
13-02-2000,5352
14-02-2000,5387
15-02-2000,5426
16-02-2000,5461
17-02-2000,5510
18-02-2000,5561
19-02-2000,5628
20-02-2000,5610
21-02-2000,5742
22-02-2000,5786
23-02-2000,5825
24-02-2000,5797
25-02-2000,5830
26-02-2000,5916
27-02-2000,5958
28-02-2000,5902
01-03-2000,5748
02-03-2000,5703
03-03-2000,5715
04-03-2000,5462
05-03-2000,5658
06-03-2000,5807
07-03-2000,5856
08-03-2000,5994
09-03-2000,5965
10-03-2000,6000
11-03-2000,5995
12-03-2000,5909
13-03-2000,6257
14-03-2000,6295
15-03-2000,6320
16-03-2000,6355
17-03-2000,6216
18-03-2000,6356
19-03-2000,6446
20-03-2000,6484
21-03-2000,6318
22-03-2000,6016
23-03-2000,6604
24-03-2000,6584
25-03-2000,6686
26-03-2000,6717
27-03-2000,6762
28-03-2000,6781
29-03-2000,6780
30-03-2000,6863
31-03-2000,6832
01-04-2000,6803
02-04-2000,6729
03-04-2000,6773
04-04-2000,6760
05-04-2000,6822
06-04-2000,6880
07-04-2000,6909
08-04-2000,6942
09-04-2000,6997
10-04-2000,7046
11-04-2000,7091
12-04-2000,7133
13-04-2000,7194
14-04-2000,7179
15-04-2000,7186
16-04-2000,7239
17-04-2000,7263
18-04-2000,7341
19-04-2000,7320
20-04-2000,7123
21-04-2000,6112
22-04-2000,6073
23-04-2000,7297
24-04-2000,7392
25-04-2000,7415
26-04-2000,7498
27-04-2000,7468
28-04-2000,7522
29-04-2000,7508
30-04-2000,7566
01-05-2000,7114
02-05-2000,7141
03-05-2000,7126
04-05-2000,6908
05-05-2000,7086
06-05-2000,5997
07-05-2000,7303
08-05-2000,7288
09-05-2000,7329
10-05-2000,7271
11-05-2000,7242
12-05-2000,6910
13-05-2000,6927
14-05-2000,7128
15-05-2000,7335
16-05-2000,7361
17-05-2000,7333
18-05-2000,7379
19-05-2000,7439
20-05-2000,7456
21-05-2000,7460
22-05-2000,7454
23-05-2000,7376
24-05-2000,7369
25-05-2000,7352
26-05-2000,7330
27-05-2000,7452
28-05-2000,7531
29-05-2000,7512
30-05-2000,7401
31-05-2000,7446
01-06-2000,7315
02-06-2000,7363
03-06-2000,7374
04-06-2000,7120
05-06-2000,5942
06-06-2000,7305
07-06-2000,7076
08-06-2000,7342
09-06-2000,7338
10-06-2000,7351
11-06-2000,7291
12-06-2000,7213
13-06-2000,7351
14-06-2000,7081
15-06-2000,7133
16-06-2000,6801
17-06-2000,7103
18-06-2000,7262
19-06-2000,7294
20-06-2000,7423
21-06-2000,7371
22-06-2000,7296
23-06-2000,7336
24-06-2000,7015
25-06-2000,7264
26-06-2000,7088
27-06-2000,7408
28-06-2000,7351
29-06-2000,7185
30-06-2000,6904
01-07-2000,6549
02-07-2000,5521
03-07-2000,4907
04-07-2000,7349
05-07-2000,7254
06-07-2000,7413
07-07-2000,6645
08-07-2000,6992
09-07-2000,7216
10-07-2000,6787
11-07-2000,7107
12-07-2000,4733
13-07-2000,5377
14-07-2000,2420
15-07-2000,4493
16-07-2000,2342
17-07-2000,4331
18-07-2000,6650
19-07-2000,6535
20-07-2000,3712
21-07-2000,2422
22-07-2000,1985
23-07-2000,4379
24-07-2000,7266
25-07-2000,6924
26-07-2000,7378
27-07-2000,7070
28-07-2000,7176
29-07-2000,6441
30-07-2000,5929
31-07-2000,7001
01-08-2000,6409
02-08-2000,6151
03-08-2000,4686
04-08-2000,5626
05-08-2000,6620
06-08-2000,7393
07-08-2000,7374
08-08-2000,7096
09-08-2000,7088
10-08-2000,7117
11-08-2000,6217
12-08-2000,6751
13-08-2000,5454
14-08-2000,4173
15-08-2000,3900
16-08-2000,3960
17-08-2000,5854
18-08-2000,5494
19-08-2000,4053
20-08-2000,5877
21-08-2000,6890
22-08-2000,6532
23-08-2000,6895
24-08-2000,6917
25-08-2000,6894
26-08-2000,6693
27-08-2000,5431
28-08-2000,6750
29-08-2000,5925
30-08-2000,4661
31-08-2000,5267
01-09-2000,4409
02-09-2000,5953
03-09-2000,6790
04-09-2000,3776
05-09-2000,6031
06-09-2000,6330
07-09-2000,6450
08-09-2000,6677
09-09-2000,4406
10-09-2000,5910
11-09-2000,5951
12-09-2000,6567
13-09-2000,6609
14-09-2000,6614
15-09-2000,6570
16-09-2000,6488
17-09-2000,6460
18-09-2000,6457
19-09-2000,6281
20-09-2000,6029
21-09-2000,5994
22-09-2000,5547
23-09-2000,5699
24-09-2000,6156
25-09-2000,5981
26-09-2000,6212
27-09-2000,6112
28-09-2000,6120
29-09-2000,5776
30-09-2000,5998
01-10-2000,5980
02-10-2000,5899
03-10-2000,5966
04-10-2000,6012
05-10-2000,5972
06-10-2000,5801
07-10-2000,5553
08-10-2000,4983
09-10-2000,5575
10-10-2000,3208
11-10-2000,5390
12-10-2000,5527
13-10-2000,5706
14-10-2000,5580
15-10-2000,5532
16-10-2000,5451
17-10-2000,5403
18-10-2000,5371
19-10-2000,5358
20-10-2000,5294
21-10-2000,5267
22-10-2000,5191
23-10-2000,5153
24-10-2000,5135
25-10-2000,5095
26-10-2000,5062
27-10-2000,5018
28-10-2000,4966
29-10-2000,4908
30-10-2000,4894
31-10-2000,4846
01-11-2000,5243
02-11-2000,5179
03-11-2000,5123
04-11-2000,5115
05-11-2000,5107
06-11-2000,5035
07-11-2000,4836
08-11-2000,3806
09-11-2000,4824
10-11-2000,4884
11-11-2000,4463
12-11-2000,4622
13-11-2000,4746
14-11-2000,4703
15-11-2000,4755
16-11-2000,4593
17-11-2000,4597
18-11-2000,4542
19-11-2000,4555
20-11-2000,4465
21-11-2000,4452
22-11-2000,4499
23-11-2000,4388
24-11-2000,4490
25-11-2000,4423
26-11-2000,3968
27-11-2000,2316
28-11-2000,4281
29-11-2000,4283
30-11-2000,4233
01-12-2000,4533
02-12-2000,4444
03-12-2000,4496
04-12-2000,4523
05-12-2000,4426
06-12-2000,4412
07-12-2000,4338
08-12-2000,4390
09-12-2000,4407
10-12-2000,4424
11-12-2000,4366
12-12-2000,4326
13-12-2000,4359
14-12-2000,4344
15-12-2000,4239
16-12-2000,4210
17-12-2000,4112
18-12-2000,4211
19-12-2000,4288
20-12-2000,4208
21-12-2000,4210
22-12-2000,4235
23-12-2000,4248
24-12-2000,4349
25-12-2000,4434
26-12-2000,4387
27-12-2000,4423
28-12-2000,4381
29-12-2000,4404
30-12-2000,2247
31-12-2000,3915
01-01-2001,4059
02-01-2001,4302
03-01-2001,4354
04-01-2001,4405
05-01-2001,4330
06-01-2001,4424
07-01-2001,4471
08-01-2001,4440
09-01-2001,4443
10-01-2001,4424
11-01-2001,4546
12-01-2001,4570
13-01-2001,4608
14-01-2001,4513
15-01-2001,4593
16-01-2001,4556
17-01-2001,4631
18-01-2001,4706
19-01-2001,4708
20-01-2001,4750
21-01-2001,4711
22-01-2001,4728
23-01-2001,4643
24-01-2001,4783
25-01-2001,4818
26-01-2001,4899
27-01-2001,4878
28-01-2001,4986
29-01-2001,4962
30-01-2001,4700
31-01-2001,5033
01-02-2001,4829
02-02-2001,4833
03-02-2001,4870
04-02-2001,4855
05-02-2001,5056
06-02-2001,5124
07-02-2001,5171
08-02-2001,5209
09-02-2001,5296
10-02-2001,5293
11-02-2001,5263
12-02-2001,5393
13-02-2001,4664
14-02-2001,5412
15-02-2001,5546
16-02-2001,5493
17-02-2001,5634
18-02-2001,5654
19-02-2001,5651
20-02-2001,5505
21-02-2001,5654
22-02-2001,5216
23-02-2001,5568
24-02-2001,5252
25-02-2001,5929
26-02-2001,5934
27-02-2001,5843
28-02-2001,6010
01-03-2001,5830
02-03-2001,5827
03-03-2001,5662
04-03-2001,5701
05-03-2001,5877
06-03-2001,4948
07-03-2001,6035
08-03-2001,6081
09-03-2001,6132
10-03-2001,6207
11-03-2001,6221
12-03-2001,6170
13-03-2001,6276
14-03-2001,5614
15-03-2001,6396
16-03-2001,6442
17-03-2001,6468
18-03-2001,6450
19-03-2001,4598
20-03-2001,6553
21-03-2001,4870
22-03-2001,6199
23-03-2001,5692
24-03-2001,5330
25-03-2001,6750
26-03-2001,6806
27-03-2001,6424
28-03-2001,5406
29-03-2001,6789
30-03-2001,6600
31-03-2001,6887
01-04-2001,6803
02-04-2001,6817
03-04-2001,6817
04-04-2001,6886
05-04-2001,6947
06-04-2001,6972
07-04-2001,7025
08-04-2001,7001
09-04-2001,6987
10-04-2001,7011
11-04-2001,6127
12-04-2001,7007
13-04-2001,7028
14-04-2001,3712
15-04-2001,6935
16-04-2001,6657
17-04-2001,6939
18-04-2001,5511
19-04-2001,7039
20-04-2001,7148
21-04-2001,7395
22-04-2001,7415
23-04-2001,7449
24-04-2001,7329
25-04-2001,7491
26-04-2001,6848
27-04-2001,7483
28-04-2001,7521
29-04-2001,7405
30-04-2001,7377
01-05-2001,7126
02-05-2001,7130
03-05-2001,7023
04-05-2001,7119
05-05-2001,7231
06-05-2001,7149
07-05-2001,7096
08-05-2001,7291
09-05-2001,7275
10-05-2001,7208
11-05-2001,7265
12-05-2001,7313
13-05-2001,7315
14-05-2001,7386
15-05-2001,7245
16-05-2001,7258
17-05-2001,7348
18-05-2001,7102
19-05-2001,6614
20-05-2001,6806
21-05-2001,6851
22-05-2001,6655
23-05-2001,7433
24-05-2001,7376
25-05-2001,7441
26-05-2001,7484
27-05-2001,7456
28-05-2001,7418
29-05-2001,7405
30-05-2001,7283
31-05-2001,6730
01-06-2001,7238
02-06-2001,7290
03-06-2001,7249
04-06-2001,7170
05-06-2001,6585
06-06-2001,6615
07-06-2001,6990
08-06-2001,7062
09-06-2001,7287
10-06-2001,7334
11-06-2001,6297
12-06-2001,7296
13-06-2001,6511
14-06-2001,6013
15-06-2001,5652
16-06-2001,6267
17-06-2001,6980
18-06-2001,7331
19-06-2001,7323
20-06-2001,7310
21-06-2001,6825
22-06-2001,6820
23-06-2001,5967
24-06-2001,6102
25-06-2001,7140
26-06-2001,7294
27-06-2001,7356
28-06-2001,7236
29-06-2001,6880
30-06-2001,4175
01-07-2001,5600
02-07-2001,4559
03-07-2001,1470
04-07-2001,5094
05-07-2001,7025
06-07-2001,6503
07-07-2001,6929
08-07-2001,4181
09-07-2001,7095
10-07-2001,4994
11-07-2001,4045
12-07-2001,4376
13-07-2001,3593
14-07-2001,5157
15-07-2001,3358
16-07-2001,3860
17-07-2001,3489
18-07-2001,7037
19-07-2001,7002
20-07-2001,4510
21-07-2001,3217
22-07-2001,5042
23-07-2001,4040
24-07-2001,5420
25-07-2001,4426
26-07-2001,5601
27-07-2001,5001
28-07-2001,5350
29-07-2001,5204
30-07-2001,5440
31-07-2001,6541
01-08-2001,6779
02-08-2001,7395
03-08-2001,6769
04-08-2001,5275
05-08-2001,5838
06-08-2001,6329
07-08-2001,5340
08-08-2001,5140
09-08-2001,6779
10-08-2001,6204
11-08-2001,5082
12-08-2001,6072
13-08-2001,5422
14-08-2001,5241
15-08-2001,5893
16-08-2001,2370
17-08-2001,4490
18-08-2001,6565
19-08-2001,6025
20-08-2001,6444
21-08-2001,6005
22-08-2001,6434
23-08-2001,4375
24-08-2001,5643
25-08-2001,6024
26-08-2001,6365
27-08-2001,6843
28-08-2001,6425
29-08-2001,6661
30-08-2001,5085
31-08-2001,4572
01-09-2001,6192
02-09-2001,5971
03-09-2001,6863
04-09-2001,5445
05-09-2001,5522
06-09-2001,6318
07-09-2001,6602
08-09-2001,6603
09-09-2001,6735
10-09-2001,6723
11-09-2001,6635
12-09-2001,6622
13-09-2001,6542
14-09-2001,6124
15-09-2001,6456
16-09-2001,5882
17-09-2001,6528
18-09-2001,6485
19-09-2001,6440
20-09-2001,6459
21-09-2001,6297
22-09-2001,6287
23-09-2001,6251
24-09-2001,6146
25-09-2001,6180
26-09-2001,6050
27-09-2001,6124
28-09-2001,6048
29-09-2001,5004
30-09-2001,5845
01-10-2001,5553
02-10-2001,5714
03-10-2001,5775
04-10-2001,5783
05-10-2001,5846
06-10-2001,4244
07-10-2001,5446
08-10-2001,5761
09-10-2001,5716
10-10-2001,5711
11-10-2001,5141
12-10-2001,5272
13-10-2001,5498
14-10-2001,5685
15-10-2001,5520
16-10-2001,5566
17-10-2001,5543
18-10-2001,5489
19-10-2001,5460
20-10-2001,5434
21-10-2001,5366
22-10-2001,5377
23-10-2001,5276
24-10-2001,5219
25-10-2001,5186
26-10-2001,5142
27-10-2001,5103
28-10-2001,5093
29-10-2001,5024
30-10-2001,4979
31-10-2001,4928
01-11-2001,5264
02-11-2001,5195
03-11-2001,5169
04-11-2001,5254
05-11-2001,5169
06-11-2001,5135
07-11-2001,5015
08-11-2001,5138
09-11-2001,5113
10-11-2001,5040
11-11-2001,4957
12-11-2001,4995
13-11-2001,4973
14-11-2001,4834
15-11-2001,4832
16-11-2001,4821
17-11-2001,4795
18-11-2001,4677
19-11-2001,4719
20-11-2001,4651
21-11-2001,4657
22-11-2001,4639
23-11-2001,4585
24-11-2001,4511
25-11-2001,4585
26-11-2001,4536
27-11-2001,4551
28-11-2001,4389
29-11-2001,4413
30-11-2001,4353
01-12-2001,4511
02-12-2001,4446
03-12-2001,4430
04-12-2001,4421
05-12-2001,4401
06-12-2001,4345
07-12-2001,4223
08-12-2001,4262
09-12-2001,4223
10-12-2001,4182
11-12-2001,4339
12-12-2001,4283
13-12-2001,4287
14-12-2001,3667
15-12-2001,4178
16-12-2001,4186
17-12-2001,4200
18-12-2001,4177
19-12-2001,4140
20-12-2001,3622
21-12-2001,4104
22-12-2001,4126
23-12-2001,4129
24-12-2001,4163
25-12-2001,3374
26-12-2001,4284
27-12-2001,4228
28-12-2001,4241
29-12-2001,4366
30-12-2001,4218
31-12-2001,4297
01-01-2002,4238
02-01-2002,4344
03-01-2002,4301
04-01-2002,4190
05-01-2002,4235
06-01-2002,4413
07-01-2002,4462
08-01-2002,4409
09-01-2002,4395
10-01-2002,4438
11-01-2002,4504
12-01-2002,4374
13-01-2002,4441
14-01-2002,2772
15-01-2002,1412
16-01-2002,4254
17-01-2002,3770
18-01-2002,4633
19-01-2002,4691
20-01-2002,4657
21-01-2002,4671
22-01-2002,4808
23-01-2002,4765
24-01-2002,4791
25-01-2002,4284
26-01-2002,4829
27-01-2002,4902
28-01-2002,4913
29-01-2002,4959
30-01-2002,4977
31-01-2002,5114
01-02-2002,4944
02-02-2002,4928
03-02-2002,4903
04-02-2002,5060
05-02-2002,4900
06-02-2002,5068
07-02-2002,4902
08-02-2002,4958
09-02-2002,5140
10-02-2002,4438
11-02-2002,4633
12-02-2002,5380
13-02-2002,5430
14-02-2002,5467
15-02-2002,5542
16-02-2002,5533
17-02-2002,3349
18-02-2002,5543
19-02-2002,5730
20-02-2002,5721
21-02-2002,5138
22-02-2002,5575
23-02-2002,5607
24-02-2002,5391
25-02-2002,5924
26-02-2002,5741
27-02-2002,5964
28-02-2002,5803
01-03-2002,5911
02-03-2002,5037
03-03-2002,6059
04-03-2002,6073
05-03-2002,6219
06-03-2002,6120
07-03-2002,5831
08-03-2002,6335
09-03-2002,5593
10-03-2002,6351
11-03-2002,6401
12-03-2002,5132
13-03-2002,5988
14-03-2002,6205
15-03-2002,6711
16-03-2002,6646
17-03-2002,6687
18-03-2002,6749
19-03-2002,6725
20-03-2002,6250
21-03-2002,6742
22-03-2002,6858
23-03-2002,6896
24-03-2002,6867
25-03-2002,6169
26-03-2002,7023
27-03-2002,7061
28-03-2002,7096
29-03-2002,7116
30-03-2002,7186
31-03-2002,7053
01-04-2002,6821
02-04-2002,6654
03-04-2002,6898
04-04-2002,6912
05-04-2002,6866
06-04-2002,6430
07-04-2002,6450
08-04-2002,4826
09-04-2002,7127
10-04-2002,7150
11-04-2002,7180
12-04-2002,7179
13-04-2002,6870
14-04-2002,7057
15-04-2002,7261
16-04-2002,7304
17-04-2002,7217
18-04-2002,7269
19-04-2002,7341
20-04-2002,7419
21-04-2002,7439
22-04-2002,7480
23-04-2002,7411
24-04-2002,7450
25-04-2002,7343
26-04-2002,7444
27-04-2002,7501
28-04-2002,7074
29-04-2002,7314
30-04-2002,7484
01-05-2002,7047
02-05-2002,7106
03-05-2002,7203
04-05-2002,7290
05-05-2002,7170
06-05-2002,7223
07-05-2002,7236
08-05-2002,7229
09-05-2002,7336
10-05-2002,7330
11-05-2002,7361
12-05-2002,7397
13-05-2002,7337
14-05-2002,7353
15-05-2002,7402
16-05-2002,6474
17-05-2002,7265
18-05-2002,7135
19-05-2002,6975
20-05-2002,7200
21-05-2002,7388
22-05-2002,7495
23-05-2002,7457
24-05-2002,7410
25-05-2002,7438
26-05-2002,7463
27-05-2002,7338
28-05-2002,7429
29-05-2002,6410
30-05-2002,7526
31-05-2002,7158
01-06-2002,6947
02-06-2002,7318
03-06-2002,6509
04-06-2002,7380
05-06-2002,7371
06-06-2002,7305
07-06-2002,7213
08-06-2002,7266
09-06-2002,7306
10-06-2002,7304
11-06-2002,7402
12-06-2002,7393
13-06-2002,7330
14-06-2002,7348
15-06-2002,7384
16-06-2002,7325
17-06-2002,7279
18-06-2002,6702
19-06-2002,7082
20-06-2002,7064
21-06-2002,7411
22-06-2002,7403
23-06-2002,7481
24-06-2002,7326
25-06-2002,7093
26-06-2002,6708
27-06-2002,4408
28-06-2002,4509
29-06-2002,3738
30-06-2002,6977
01-07-2002,6802
02-07-2002,6385
03-07-2002,6378
04-07-2002,6450
05-07-2002,5990
06-07-2002,6325
07-07-2002,6364
08-07-2002,6243
09-07-2002,5934
10-07-2002,6388
11-07-2002,6733
12-07-2002,6781
13-07-2002,6770
14-07-2002,6745
15-07-2002,6510
16-07-2002,6769
17-07-2002,6766
18-07-2002,3779
19-07-2002,4678
20-07-2002,6830
21-07-2002,6444
22-07-2002,4799
23-07-2002,5330
24-07-2002,5467
25-07-2002,6517
26-07-2002,6158
27-07-2002,5604
28-07-2002,5495
29-07-2002,6606
30-07-2002,6618
31-07-2002,6736
01-08-2002,6181
02-08-2002,5868
03-08-2002,4137
04-08-2002,5918
05-08-2002,2450
06-08-2002,6005
07-08-2002,4756
08-08-2002,6329
09-08-2002,5749
10-08-2002,6554
11-08-2002,5574
12-08-2002,4191
13-08-2002,4474
14-08-2002,5089
15-08-2002,5006
16-08-2002,6192
17-08-2002,6398
18-08-2002,6509
19-08-2002,6519
20-08-2002,6559
21-08-2002,6534
22-08-2002,6536
23-08-2002,5696
24-08-2002,5510
25-08-2002,5281
26-08-2002,3117
27-08-2002,3908
28-08-2002,4372
29-08-2002,5701
30-08-2002,5718
31-08-2002,5993
01-09-2002,6446
02-09-2002,6517
03-09-2002,6527
04-09-2002,6425
05-09-2002,6499
06-09-2002,6098
07-09-2002,6497
08-09-2002,6521
09-09-2002,6475
10-09-2002,6472
11-09-2002,6475
12-09-2002,6362
13-09-2002,6349
14-09-2002,6284
15-09-2002,6178
16-09-2002,6313
17-09-2002,6172
18-09-2002,6164
19-09-2002,5089
20-09-2002,6251
21-09-2002,5875
22-09-2002,6014
23-09-2002,6027
24-09-2002,5980
25-09-2002,5889
26-09-2002,5173
27-09-2002,5707
28-09-2002,5631
29-09-2002,5677
30-09-2002,5369
01-10-2002,5559
02-10-2002,6159
03-10-2002,6166
04-10-2002,6147
05-10-2002,6064
06-10-2002,5747
07-10-2002,5794
08-10-2002,5776
09-10-2002,5694
10-10-2002,5661
11-10-2002,5462
12-10-2002,5595
13-10-2002,5625
14-10-2002,5638
15-10-2002,5608
16-10-2002,5412
17-10-2002,5289
18-10-2002,5500
19-10-2002,5484
20-10-2002,5357
21-10-2002,5391
22-10-2002,5281
23-10-2002,5234
24-10-2002,5211
25-10-2002,5167
26-10-2002,5104
27-10-2002,5067
28-10-2002,5051
29-10-2002,5039
30-10-2002,4711
31-10-2002,4925
01-11-2002,5123
02-11-2002,5024
03-11-2002,4985
04-11-2002,4865
05-11-2002,4532
06-11-2002,3599
07-11-2002,4576
08-11-2002,4456
09-11-2002,4350
10-11-2002,4296
11-11-2002,2407
12-11-2002,4643
13-11-2002,4634
14-11-2002,4640
15-11-2002,4607
16-11-2002,4584
17-11-2002,4557
18-11-2002,4524
19-11-2002,4499
20-11-2002,4460
21-11-2002,4423
22-11-2002,4442
23-11-2002,4043
24-11-2002,3445
25-11-2002,4258
26-11-2002,4207
27-11-2002,4138
28-11-2002,4135
29-11-2002,4067
30-11-2002,4140
01-12-2002,4355
02-12-2002,4310
03-12-2002,4348
04-12-2002,4284
05-12-2002,4309
06-12-2002,4250
07-12-2002,4326
08-12-2002,4269
09-12-2002,4252
10-12-2002,4207
11-12-2002,4185
12-12-2002,4150
13-12-2002,4170
14-12-2002,4169
15-12-2002,4204
16-12-2002,4133
17-12-2002,4132
18-12-2002,4104
19-12-2002,4074
20-12-2002,4024
21-12-2002,4045
22-12-2002,4128
23-12-2002,3602
24-12-2002,3888
25-12-2002,4076
26-12-2002,3988
27-12-2002,4117
28-12-2002,4041
29-12-2002,4090
30-12-2002,2420
31-12-2002,3362
01-01-2003,4331
02-01-2003,4305
03-01-2003,4294
04-01-2003,4213
05-01-2003,4279
06-01-2003,4407
07-01-2003,4377
08-01-2003,4283
09-01-2003,4339
10-01-2003,4355
11-01-2003,4319
12-01-2003,4412
13-01-2003,4409
14-01-2003,4373
15-01-2003,4460
16-01-2003,4496
17-01-2003,4463
18-01-2003,4529
19-01-2003,4590
20-01-2003,4633
21-01-2003,4708
22-01-2003,4726
23-01-2003,4602
24-01-2003,4732
25-01-2003,4753
26-01-2003,4143
27-01-2003,2099
28-01-2003,4796
29-01-2003,4886
30-01-2003,4449
31-01-2003,2495
01-02-2003,4337
02-02-2003,4946
03-02-2003,4964
04-02-2003,5002
05-02-2003,5020
06-02-2003,5116
07-02-2003,5165
08-02-2003,5111
09-02-2003,5179
10-02-2003,5255
11-02-2003,5277
12-02-2003,4938
13-02-2003,5388
14-02-2003,4909
15-02-2003,5330
16-02-2003,2681
17-02-2003,1260
18-02-2003,3527
19-02-2003,5661
20-02-2003,5604
21-02-2003,5614
22-02-2003,5460
23-02-2003,5679
24-02-2003,5756
25-02-2003,5726
26-02-2003,5778
27-02-2003,5760
28-02-2003,5852
01-03-2003,5537
02-03-2003,5495
03-03-2003,5060
04-03-2003,5334
05-03-2003,5584
06-03-2003,5678
07-03-2003,5713
08-03-2003,5781
09-03-2003,5413
10-03-2003,5811
11-03-2003,5033
12-03-2003,6110
13-03-2003,5569
14-03-2003,4781
15-03-2003,4827
16-03-2003,6120
17-03-2003,6197
18-03-2003,6230
19-03-2003,6455
20-03-2003,6492
21-03-2003,6514
22-03-2003,5884
23-03-2003,5718
24-03-2003,6660
25-03-2003,6638
26-03-2003,6698
27-03-2003,6740
28-03-2003,6329
29-03-2003,6663
30-03-2003,6066
31-03-2003,6872
01-04-2003,6601
02-04-2003,6654
03-04-2003,6330
04-04-2003,6797
05-04-2003,6776
06-04-2003,6936
07-04-2003,6927
08-04-2003,6922
09-04-2003,6965
10-04-2003,7054
11-04-2003,5781
12-04-2003,5085
13-04-2003,7109
14-04-2003,7146
15-04-2003,6825
16-04-2003,6780
17-04-2003,6246
18-04-2003,6081
19-04-2003,7121
20-04-2003,7058
21-04-2003,7165
22-04-2003,7324
23-04-2003,7383
24-04-2003,7343
25-04-2003,7379
26-04-2003,7323
27-04-2003,7347
28-04-2003,7428
29-04-2003,7491
30-04-2003,7490
01-05-2003,7042
02-05-2003,6831
03-05-2003,6398
04-05-2003,6623
05-05-2003,6899
06-05-2003,7069
07-05-2003,7008
08-05-2003,7134
09-05-2003,7042
10-05-2003,7156
11-05-2003,7037
12-05-2003,7179
13-05-2003,6718
14-05-2003,7260
15-05-2003,7211
16-05-2003,7285
17-05-2003,7004
18-05-2003,7321
19-05-2003,7314
20-05-2003,7239
21-05-2003,7208
22-05-2003,7231
23-05-2003,7248
24-05-2003,7339
25-05-2003,7168
26-05-2003,7281
27-05-2003,7291
28-05-2003,7178
29-05-2003,7401
30-05-2003,7389
31-05-2003,7362
01-06-2003,7299
02-06-2003,7061
03-06-2003,7195
04-06-2003,7119
05-06-2003,7264
06-06-2003,6979
07-06-2003,7038
08-06-2003,6772
09-06-2003,6737
10-06-2003,7141
11-06-2003,7141
12-06-2003,7308
13-06-2003,7286
14-06-2003,7204
15-06-2003,6920
16-06-2003,5930
17-06-2003,3255
18-06-2003,2292
19-06-2003,2931
20-06-2003,3790
21-06-2003,7312
22-06-2003,7255
23-06-2003,7247
24-06-2003,7141
25-06-2003,6858
26-06-2003,7221
27-06-2003,7054
28-06-2003,7157
29-06-2003,6375
30-06-2003,5491
01-07-2003,7474
02-07-2003,7498
03-07-2003,7285
04-07-2003,7341
05-07-2003,2717
06-07-2003,6811
07-07-2003,5659
08-07-2003,6532
09-07-2003,3947
10-07-2003,3249
11-07-2003,6309
12-07-2003,2703
13-07-2003,6689
14-07-2003,4514
15-07-2003,4590
16-07-2003,6464
17-07-2003,5694
18-07-2003,4702
19-07-2003,6512
20-07-2003,6899
21-07-2003,6480
22-07-2003,5995
23-07-2003,3936
24-07-2003,6362
25-07-2003,6615
26-07-2003,7222
27-07-2003,3828
28-07-2003,5622
29-07-2003,4713
30-07-2003,4217
31-07-2003,3622
01-08-2003,5338
02-08-2003,5921
03-08-2003,5859
04-08-2003,4520
05-08-2003,6109
06-08-2003,6433
07-08-2003,5070
08-08-2003,6825
09-08-2003,5146
10-08-2003,6333
11-08-2003,6552
12-08-2003,6404
13-08-2003,6680
14-08-2003,7088
15-08-2003,6865
16-08-2003,6516
17-08-2003,6912
18-08-2003,6754
19-08-2003,5088
20-08-2003,5445
21-08-2003,5794
22-08-2003,6439
23-08-2003,6718
24-08-2003,4952
25-08-2003,2046
26-08-2003,2815
27-08-2003,3743
28-08-2003,2505
29-08-2003,4310
30-08-2003,3052
31-08-2003,5056
01-09-2003,6435
02-09-2003,5870
03-09-2003,5727
04-09-2003,5014
05-09-2003,5717
06-09-2003,5965
07-09-2003,5078
08-09-2003,6500
09-09-2003,6463
10-09-2003,5961
11-09-2003,6113
12-09-2003,5922
13-09-2003,6063
14-09-2003,5892
15-09-2003,6180
16-09-2003,6153
17-09-2003,6223
18-09-2003,6150
19-09-2003,6112
20-09-2003,6283
21-09-2003,6137
22-09-2003,6118
23-09-2003,6061
24-09-2003,6044
25-09-2003,5158
26-09-2003,5682
27-09-2003,5663
28-09-2003,5372
29-09-2003,4772
30-09-2003,4181
01-10-2003,6018
02-10-2003,5973
03-10-2003,5966
04-10-2003,6016
05-10-2003,5994
06-10-2003,5931
07-10-2003,5868
08-10-2003,5799
09-10-2003,5710
10-10-2003,5791
11-10-2003,5812
12-10-2003,5691
13-10-2003,5605
14-10-2003,5607
15-10-2003,5423
16-10-2003,5467
17-10-2003,5515
18-10-2003,5458
19-10-2003,5396
20-10-2003,5366
21-10-2003,5291
22-10-2003,5258
23-10-2003,5188
24-10-2003,5122
25-10-2003,5121
26-10-2003,5090
27-10-2003,5052
28-10-2003,4996
29-10-2003,5022
30-10-2003,4981
31-10-2003,4896
01-11-2003,5110
02-11-2003,4975
03-11-2003,4901
04-11-2003,4676
05-11-2003,4907
06-11-2003,4901
07-11-2003,4914
08-11-2003,4922
09-11-2003,4832
10-11-2003,4756
11-11-2003,4675
12-11-2003,4697
13-11-2003,4541
14-11-2003,4510
15-11-2003,4454
16-11-2003,4484
17-11-2003,4535
18-11-2003,4533
19-11-2003,4446
20-11-2003,4395
21-11-2003,4382
22-11-2003,4370
23-11-2003,4338
24-11-2003,4031
25-11-2003,4260
26-11-2003,4238
27-11-2003,4300
28-11-2003,4232
29-11-2003,4195
30-11-2003,4201
01-12-2003,4263
02-12-2003,4224
03-12-2003,4147
04-12-2003,4101
05-12-2003,4040
06-12-2003,4130
07-12-2003,4130
08-12-2003,4010
09-12-2003,4054
10-12-2003,4134
11-12-2003,4125
12-12-2003,4079
13-12-2003,4131
14-12-2003,4078
15-12-2003,4028
16-12-2003,3854
17-12-2003,4080
18-12-2003,4075
19-12-2003,4081
20-12-2003,4064
21-12-2003,3974
22-12-2003,3997
23-12-2003,3862
24-12-2003,3998
25-12-2003,4018
26-12-2003,3928
27-12-2003,4032
28-12-2003,4019
29-12-2003,4014
30-12-2003,4025
31-12-2003,4034
01-01-2004,4094
02-01-2004,4235
03-01-2004,4183
04-01-2004,3813
05-01-2004,3766
06-01-2004,4211
07-01-2004,4257
08-01-2004,4270
09-01-2004,4288
10-01-2004,4278
11-01-2004,4291
12-01-2004,4294
13-01-2004,4389
14-01-2004,4370
15-01-2004,4391
16-01-2004,3630
17-01-2004,4463
18-01-2004,4438
19-01-2004,4013
20-01-2004,3008
21-01-2004,4149
22-01-2004,4184
23-01-2004,3404
24-01-2004,4701
25-01-2004,4660
26-01-2004,4745
27-01-2004,4799
28-01-2004,4779
29-01-2004,4827
30-01-2004,4701
31-01-2004,4780
01-02-2004,4959
02-02-2004,4949
03-02-2004,4979
04-02-2004,5014
05-02-2004,5085
06-02-2004,5046
07-02-2004,5123
08-02-2004,5284
09-02-2004,5092
10-02-2004,5293
11-02-2004,5397
12-02-2004,5461
13-02-2004,5463
14-02-2004,5592
15-02-2004,5505
16-02-2004,5567
17-02-2004,5146
18-02-2004,5573
19-02-2004,5749
20-02-2004,5836
21-02-2004,5806
22-02-2004,5872
23-02-2004,5938
24-02-2004,5729
25-02-2004,6025
26-02-2004,6062
27-02-2004,6036
28-02-2004,6094
01-03-2004,5818
02-03-2004,5890
03-03-2004,5911
04-03-2004,5972
05-03-2004,5943
06-03-2004,6068
07-03-2004,6142
08-03-2004,6140
09-03-2004,6240
10-03-2004,6324
11-03-2004,6341
12-03-2004,6441
13-03-2004,6440
14-03-2004,6513
15-03-2004,6579
16-03-2004,6519
17-03-2004,6583
18-03-2004,6622
19-03-2004,6678
20-03-2004,6728
21-03-2004,6744
22-03-2004,6655
23-03-2004,6764
24-03-2004,6795
25-03-2004,6847
26-03-2004,6911
27-03-2004,6955
28-03-2004,6939
29-03-2004,7031
30-03-2004,7042
31-03-2004,7065
01-04-2004,5069
02-04-2004,6620
03-04-2004,6652
04-04-2004,6502
05-04-2004,6721
06-04-2004,6695
07-04-2004,6825
08-04-2004,6837
09-04-2004,6817
10-04-2004,6881
11-04-2004,6816
12-04-2004,6913
13-04-2004,6926
14-04-2004,6982
15-04-2004,7048
16-04-2004,6863
17-04-2004,6787
18-04-2004,7070
19-04-2004,7138
20-04-2004,6755
21-04-2004,6804
22-04-2004,6899
23-04-2004,7071
24-04-2004,7258
25-04-2004,7271
26-04-2004,7315
27-04-2004,7319
28-04-2004,7338
29-04-2004,7211
30-04-2004,6747
01-05-2004,6732
02-05-2004,6435
03-05-2004,6943
04-05-2004,6880
05-05-2004,7065
06-05-2004,7188
07-05-2004,6998
08-05-2004,6925
09-05-2004,5729
10-05-2004,5834
11-05-2004,3913
12-05-2004,5498
13-05-2004,6718
14-05-2004,7197
15-05-2004,6956
16-05-2004,7269
17-05-2004,7296
18-05-2004,7303
19-05-2004,7263
20-05-2004,7208
21-05-2004,7255
22-05-2004,7285
23-05-2004,6457
24-05-2004,6919
25-05-2004,7275
26-05-2004,7295
27-05-2004,7177
28-05-2004,7399
29-05-2004,7431
30-05-2004,7422
31-05-2004,7450
01-06-2004,7275
02-06-2004,7345
03-06-2004,7382
04-06-2004,7360
05-06-2004,7331
06-06-2004,7336
07-06-2004,7344
08-06-2004,7133
09-06-2004,7023
10-06-2004,6868
11-06-2004,6608
12-06-2004,6255
13-06-2004,7060
14-06-2004,5944
15-06-2004,6753
16-06-2004,5608
17-06-2004,6770
18-06-2004,7304
19-06-2004,6971
20-06-2004,6718
21-06-2004,5640
22-06-2004,6977
23-06-2004,6117
24-06-2004,6179
25-06-2004,5153
26-06-2004,6554
27-06-2004,5825
28-06-2004,6795
29-06-2004,7270
30-06-2004,7394
01-07-2004,6929
02-07-2004,6917
03-07-2004,6956
04-07-2004,5707
05-07-2004,6303
06-07-2004,3932
07-07-2004,6987
08-07-2004,4716
09-07-2004,4949
10-07-2004,6065
11-07-2004,6433
12-07-2004,6893
13-07-2004,6697
14-07-2004,6507
15-07-2004,6886
16-07-2004,6916
17-07-2004,6837
18-07-2004,6580
19-07-2004,6405
20-07-2004,6659
21-07-2004,6613
22-07-2004,6674
23-07-2004,6757
24-07-2004,6934
25-07-2004,6810
26-07-2004,5180
27-07-2004,6267
28-07-2004,5150
29-07-2004,5865
30-07-2004,5739
31-07-2004,5466
01-08-2004,2568
02-08-2004,6341
03-08-2004,4816
04-08-2004,6690
05-08-2004,6650
06-08-2004,6406
07-08-2004,4610
08-08-2004,5232
09-08-2004,5160
10-08-2004,5835
11-08-2004,6242
12-08-2004,5363
13-08-2004,3547
14-08-2004,5737
15-08-2004,5986
16-08-2004,1801
17-08-2004,3996
18-08-2004,5689
19-08-2004,6416
20-08-2004,6321
21-08-2004,6444
22-08-2004,6697
23-08-2004,5923
24-08-2004,6103
25-08-2004,6336
26-08-2004,6200
27-08-2004,5818
28-08-2004,6161
29-08-2004,6144
30-08-2004,6196
31-08-2004,6545
01-09-2004,6676
02-09-2004,6637
03-09-2004,6643
04-09-2004,6535
05-09-2004,6069
06-09-2004,6581
07-09-2004,6567
08-09-2004,6605
09-09-2004,6613
10-09-2004,6294
11-09-2004,5958
12-09-2004,6148
13-09-2004,5056
14-09-2004,5403
15-09-2004,6261
16-09-2004,5821
17-09-2004,5910
18-09-2004,4635
19-09-2004,6187
20-09-2004,6187
21-09-2004,6234
22-09-2004,6056
23-09-2004,6160
24-09-2004,5965
25-09-2004,5105
26-09-2004,2065
27-09-2004,5897
28-09-2004,5345
29-09-2004,5745
30-09-2004,3945
01-10-2004,5660
02-10-2004,4765
03-10-2004,5077
04-10-2004,4169
05-10-2004,5682
06-10-2004,5772
07-10-2004,5761
08-10-2004,5521
09-10-2004,4968
10-10-2004,5301
11-10-2004,5400
12-10-2004,5411
13-10-2004,5485
14-10-2004,5404
15-10-2004,5402
16-10-2004,5373
17-10-2004,5384
18-10-2004,5308
19-10-2004,5000
20-10-2004,5149
21-10-2004,5179
22-10-2004,5126
23-10-2004,5041
24-10-2004,5042
25-10-2004,4995
26-10-2004,4920
27-10-2004,4773
28-10-2004,4756
29-10-2004,4819
30-10-2004,4789
31-10-2004,4745
01-11-2004,4972
02-11-2004,5110
03-11-2004,4830
04-11-2004,4872
05-11-2004,4721
06-11-2004,4518
07-11-2004,4937
08-11-2004,4884
09-11-2004,4848
10-11-2004,4847
11-11-2004,4726
12-11-2004,4657
13-11-2004,4629
14-11-2004,4620
15-11-2004,4503
16-11-2004,4461
17-11-2004,3767
18-11-2004,4527
19-11-2004,4526
20-11-2004,4490
21-11-2004,4366
22-11-2004,4460
23-11-2004,4416
24-11-2004,4366
25-11-2004,4324
26-11-2004,4224
27-11-2004,4267
28-11-2004,4287
29-11-2004,4242
30-11-2004,4237
01-12-2004,4220
02-12-2004,4265
03-12-2004,4092
04-12-2004,4048
05-12-2004,4108
06-12-2004,4147
07-12-2004,4091
08-12-2004,4129
09-12-2004,3977
10-12-2004,3617
11-12-2004,3323
12-12-2004,4144
13-12-2004,4144
14-12-2004,4117
15-12-2004,4104
16-12-2004,4070
17-12-2004,4052
18-12-2004,4007
19-12-2004,4070
20-12-2004,3854
21-12-2004,3593
22-12-2004,3913
23-12-2004,4027
24-12-2004,4053
25-12-2004,4062
26-12-2004,3993
27-12-2004,4051
28-12-2004,4055
29-12-2004,3286
30-12-2004,2040
31-12-2004,2052
01-01-2005,4176
02-01-2005,4228
03-01-2005,4254
04-01-2005,4146
05-01-2005,4331
06-01-2005,4347
07-01-2005,4357
08-01-2005,4353
09-01-2005,4330
10-01-2005,4009
11-01-2005,4382
12-01-2005,4453
13-01-2005,4463
14-01-2005,4467
15-01-2005,3645
16-01-2005,4266
17-01-2005,4557
18-01-2005,4682
19-01-2005,4664
20-01-2005,4108
21-01-2005,1595
22-01-2005,3532
23-01-2005,4167
24-01-2005,3417
25-01-2005,1930
26-01-2005,4754
27-01-2005,4658
28-01-2005,4926
29-01-2005,5011
30-01-2005,4849
31-01-2005,4997
01-02-2005,4859
02-02-2005,4840
03-02-2005,4935
04-02-2005,4991
05-02-2005,4220
06-02-2005,4851
07-02-2005,3974
08-02-2005,5027
09-02-2005,3624
10-02-2005,4613
11-02-2005,3165
12-02-2005,5125
13-02-2005,5193
14-02-2005,5223
15-02-2005,3560
16-02-2005,5441
17-02-2005,5529
18-02-2005,5157
19-02-2005,5568
20-02-2005,5607
21-02-2005,5629
22-02-2005,5722
23-02-2005,5768
24-02-2005,5121
25-02-2005,5767
26-02-2005,5780
27-02-2005,5245
28-02-2005,5150
01-03-2005,5534
02-03-2005,5070
03-03-2005,6004
04-03-2005,4943
05-03-2005,6148
06-03-2005,5003
07-03-2005,5920
08-03-2005,6160
09-03-2005,5315
10-03-2005,5561
11-03-2005,6378
12-03-2005,6441
13-03-2005,6448
14-03-2005,6538
15-03-2005,6591
16-03-2005,6389
17-03-2005,6174
18-03-2005,6545
19-03-2005,6656
20-03-2005,6542
21-03-2005,6416
22-03-2005,6762
23-03-2005,6790
24-03-2005,6847
25-03-2005,6815
26-03-2005,6776
27-03-2005,6896
28-03-2005,6962
29-03-2005,7016
30-03-2005,7074
31-03-2005,7098
01-04-2005,6722
02-04-2005,6783
03-04-2005,6792
04-04-2005,6881
05-04-2005,6891
06-04-2005,6905
07-04-2005,6510
08-04-2005,6486
09-04-2005,6704
10-04-2005,6920
11-04-2005,6979
12-04-2005,7051
13-04-2005,7137
14-04-2005,7156
15-04-2005,7213
16-04-2005,7242
17-04-2005,7264
18-04-2005,7246
19-04-2005,7335
20-04-2005,7346
21-04-2005,5938
22-04-2005,5209
23-04-2005,6973
24-04-2005,7076
25-04-2005,7124
26-04-2005,7323
27-04-2005,6154
28-04-2005,7135
29-04-2005,6240
30-04-2005,6953
01-05-2005,6225
02-05-2005,7196
03-05-2005,3961
04-05-2005,7208
05-05-2005,7117
06-05-2005,7268
07-05-2005,7284
08-05-2005,7259
09-05-2005,7181
10-05-2005,7301
11-05-2005,7329
12-05-2005,7388
13-05-2005,7344
14-05-2005,7407
15-05-2005,7459
16-05-2005,7449
17-05-2005,7431
18-05-2005,7451
19-05-2005,7405
20-05-2005,7468
21-05-2005,7406
22-05-2005,7461
23-05-2005,7384
24-05-2005,7416
25-05-2005,7282
26-05-2005,7540
27-05-2005,7502
28-05-2005,7528
29-05-2005,5325
30-05-2005,7512
31-05-2005,7585
01-06-2005,7408
02-06-2005,7542
03-06-2005,7566
04-06-2005,6987
05-06-2005,7558
06-06-2005,7554
07-06-2005,7470
08-06-2005,7376
09-06-2005,7392
10-06-2005,7291
11-06-2005,7327
12-06-2005,7250
13-06-2005,7369
14-06-2005,7486
15-06-2005,7418
16-06-2005,7506
17-06-2005,7513
18-06-2005,7471
19-06-2005,7278
20-06-2005,5549
21-06-2005,6423
22-06-2005,6931
23-06-2005,7369
24-06-2005,7078
25-06-2005,7131
26-06-2005,3032
27-06-2005,4380
28-06-2005,6339
29-06-2005,7162
30-06-2005,6578
01-07-2005,6761
02-07-2005,6493
03-07-2005,6153
04-07-2005,5049
05-07-2005,5601
06-07-2005,5054
07-07-2005,6024
08-07-2005,6980
09-07-2005,7251
10-07-2005,7147
11-07-2005,6765
12-07-2005,5330
13-07-2005,6607
14-07-2005,5915
15-07-2005,7036
16-07-2005,5027
17-07-2005,4740
18-07-2005,7179
19-07-2005,7263
20-07-2005,7241
21-07-2005,6372
22-07-2005,6358
23-07-2005,6728
24-07-2005,7157
25-07-2005,6699
26-07-2005,6617
27-07-2005,6369
28-07-2005,4902
29-07-2005,5174
30-07-2005,5118
31-07-2005,6299
01-08-2005,5449
02-08-2005,5749
03-08-2005,5040
04-08-2005,5256
05-08-2005,6081
06-08-2005,5303
07-08-2005,4041
08-08-2005,3943
09-08-2005,6221
10-08-2005,6281
11-08-2005,6316
12-08-2005,6519
13-08-2005,6672
14-08-2005,6633
15-08-2005,6462
16-08-2005,6166
17-08-2005,2325
18-08-2005,5159
19-08-2005,6837
20-08-2005,6346
21-08-2005,6802
22-08-2005,6924
23-08-2005,6978
24-08-2005,6962
25-08-2005,6819
26-08-2005,6046
27-08-2005,6899
28-08-2005,6611
29-08-2005,6644
30-08-2005,6781
31-08-2005,6772
01-09-2005,6985
02-09-2005,7008
03-09-2005,6851
04-09-2005,6810
05-09-2005,6675
06-09-2005,6618
07-09-2005,3008
08-09-2005,5090
09-09-2005,5167
10-09-2005,5826
11-09-2005,5286
12-09-2005,4556
13-09-2005,5731
14-09-2005,4513
15-09-2005,4818
16-09-2005,2971
17-09-2005,6153
18-09-2005,5274
19-09-2005,5876
20-09-2005,6037
21-09-2005,6163
22-09-2005,6079
23-09-2005,3699
24-09-2005,3856
25-09-2005,5905
26-09-2005,5823
27-09-2005,5784
28-09-2005,6105
29-09-2005,6076
30-09-2005,6079
01-10-2005,6107
02-10-2005,6049
03-10-2005,6084
04-10-2005,5988
05-10-2005,5951
06-10-2005,5894
07-10-2005,5857
08-10-2005,5774
09-10-2005,5731
10-10-2005,5688
11-10-2005,5638
12-10-2005,5603
13-10-2005,5052
14-10-2005,5398
15-10-2005,5245
16-10-2005,5236
17-10-2005,5126
18-10-2005,5502
19-10-2005,5430
20-10-2005,5361
21-10-2005,5328
22-10-2005,5331
23-10-2005,5277
24-10-2005,5226
25-10-2005,5165
26-10-2005,5120
27-10-2005,5079
28-10-2005,5061
29-10-2005,5001
30-10-2005,4891
31-10-2005,4874
01-11-2005,4989
02-11-2005,4799
03-11-2005,4663
04-11-2005,4782
05-11-2005,4805
06-11-2005,4785
07-11-2005,4865
08-11-2005,4846
09-11-2005,4805
10-11-2005,4784
11-11-2005,4727
12-11-2005,4719
13-11-2005,4686
14-11-2005,4649
15-11-2005,4592
16-11-2005,4557
17-11-2005,4434
18-11-2005,4437
19-11-2005,4423
20-11-2005,4390
21-11-2005,4371
22-11-2005,4337
23-11-2005,4390
24-11-2005,4331
25-11-2005,4297
26-11-2005,4207
27-11-2005,4201
28-11-2005,4185
29-11-2005,4207
30-11-2005,4113
01-12-2005,4039
02-12-2005,4226
03-12-2005,4248
04-12-2005,4166
05-12-2005,4192
06-12-2005,4189
07-12-2005,4215
08-12-2005,4145
09-12-2005,4144
10-12-2005,4136
11-12-2005,4117
12-12-2005,4113
13-12-2005,4120
14-12-2005,4113
15-12-2005,4150
16-12-2005,4110
17-12-2005,4076
18-12-2005,4087
19-12-2005,4082
20-12-2005,4092
21-12-2005,4107
22-12-2005,4122
23-12-2005,4088
24-12-2005,4071
25-12-2005,4129
26-12-2005,3825
27-12-2005,3944
28-12-2005,3985
29-12-2005,4057
30-12-2005,4078
31-12-2005,4122
01-01-2006,4209
02-01-2006,4141
03-01-2006,4259
04-01-2006,4235
05-01-2006,4174
06-01-2006,4196
07-01-2006,4227
08-01-2006,4246
09-01-2006,3924
10-01-2006,4270
11-01-2006,4440
12-01-2006,4449
13-01-2006,4492
14-01-2006,4479
15-01-2006,4227
16-01-2006,4491
17-01-2006,4336
18-01-2006,4500
19-01-2006,4190
20-01-2006,4604
21-01-2006,4674
22-01-2006,4703
23-01-2006,4731
24-01-2006,4743
25-01-2006,4838
26-01-2006,4876
27-01-2006,4863
28-01-2006,4314
29-01-2006,4361
30-01-2006,4874
31-01-2006,4978
01-02-2006,4374
02-02-2006,5008
03-02-2006,5033
04-02-2006,4938
05-02-2006,4964
06-02-2006,4869
07-02-2006,5122
08-02-2006,5209
09-02-2006,5271
10-02-2006,5266
11-02-2006,5311
12-02-2006,5344
13-02-2006,5358
14-02-2006,4770
15-02-2006,5417
16-02-2006,5191
17-02-2006,5443
18-02-2006,5409
19-02-2006,5501
20-02-2006,5083
21-02-2006,5703
22-02-2006,5754
23-02-2006,5758
24-02-2006,5853
25-02-2006,5824
26-02-2006,5793
27-02-2006,5985
28-02-2006,6007
01-03-2006,5846
02-03-2006,5887
03-03-2006,5972
04-03-2006,6063
05-03-2006,4832
06-03-2006,6185
07-03-2006,6159
08-03-2006,4505
09-03-2006,1882
10-03-2006,3508
11-03-2006,5722
12-03-2006,6165
13-03-2006,5838
14-03-2006,6234
15-03-2006,6301
16-03-2006,6054
17-03-2006,6524
18-03-2006,6535
19-03-2006,6578
20-03-2006,6426
21-03-2006,6711
22-03-2006,6748
23-03-2006,6609
24-03-2006,6714
25-03-2006,6861
26-03-2006,6891
27-03-2006,6897
28-03-2006,6947
29-03-2006,7006
30-03-2006,7027
31-03-2006,7059
01-04-2006,6658
02-04-2006,6724
03-04-2006,6547
04-04-2006,6675
05-04-2006,6852
06-04-2006,6822
07-04-2006,6901
08-04-2006,6789
09-04-2006,6404
10-04-2006,6583
11-04-2006,6741
12-04-2006,6879
13-04-2006,6874
14-04-2006,6996
15-04-2006,7157
16-04-2006,7157
17-04-2006,2566
18-04-2006,7163
19-04-2006,7149
20-04-2006,7143
21-04-2006,7062
22-04-2006,6904
23-04-2006,7348
24-04-2006,7305
25-04-2006,7186
26-04-2006,7340
27-04-2006,7348
28-04-2006,7356
29-04-2006,7322
30-04-2006,7339
01-05-2006,7036
02-05-2006,7070
03-05-2006,7063
04-05-2006,7132
05-05-2006,7156
06-05-2006,7150
07-05-2006,7183
08-05-2006,7207
09-05-2006,7221
10-05-2006,6878
11-05-2006,7250
12-05-2006,7295
13-05-2006,7294
14-05-2006,7293
15-05-2006,7248
16-05-2006,7239
17-05-2006,7132
18-05-2006,7162
19-05-2006,7259
20-05-2006,6964
21-05-2006,7256
22-05-2006,7259
23-05-2006,7039
24-05-2006,7357
25-05-2006,7326
26-05-2006,7377
27-05-2006,7329
28-05-2006,7455
29-05-2006,7432
30-05-2006,7405
31-05-2006,7374
01-06-2006,2458
02-06-2006,4403
03-06-2006,5447
04-06-2006,7344
05-06-2006,7299
06-06-2006,7233
07-06-2006,7396
08-06-2006,7376
09-06-2006,7403
10-06-2006,7385
11-06-2006,7270
12-06-2006,7155
13-06-2006,7001
14-06-2006,7341
15-06-2006,7445
16-06-2006,7325
17-06-2006,7299
18-06-2006,7464
19-06-2006,5576
20-06-2006,7006
21-06-2006,7369
22-06-2006,7348
23-06-2006,7039
24-06-2006,7053
25-06-2006,5851
26-06-2006,5790
27-06-2006,6507
28-06-2006,7038
29-06-2006,7051
30-06-2006,6323
01-07-2006,6609
02-07-2006,7227
03-07-2006,6776
04-07-2006,7168
05-07-2006,7007
06-07-2006,5264
07-07-2006,6031
08-07-2006,5575
09-07-2006,4418
10-07-2006,4489
11-07-2006,3639
12-07-2006,5436
13-07-2006,6133
14-07-2006,5302
15-07-2006,5904
16-07-2006,6898
17-07-2006,6067
18-07-2006,6661
19-07-2006,6206
20-07-2006,2380
21-07-2006,4522
22-07-2006,6713
23-07-2006,5964
24-07-2006,5098
25-07-2006,4861
26-07-2006,5315
27-07-2006,3159
28-07-2006,4999
29-07-2006,4716
30-07-2006,6616
31-07-2006,6090
01-08-2006,3574
02-08-2006,4392
03-08-2006,4699
04-08-2006,4214
05-08-2006,6941
06-08-2006,5576
07-08-2006,4749
08-08-2006,6546
09-08-2006,4910
10-08-2006,5546
11-08-2006,7131
12-08-2006,5791
13-08-2006,6535
14-08-2006,6686
15-08-2006,3711
16-08-2006,6393
17-08-2006,6829
18-08-2006,6417
19-08-2006,4831
20-08-2006,2472
21-08-2006,2886
22-08-2006,3627
23-08-2006,4934
24-08-2006,3316
25-08-2006,4921
26-08-2006,5664
27-08-2006,3798
28-08-2006,4909
29-08-2006,6351
30-08-2006,6488
31-08-2006,5884
01-09-2006,2958
02-09-2006,4669
03-09-2006,6647
04-09-2006,6747
05-09-2006,6426
06-09-2006,5682
07-09-2006,3356
08-09-2006,2840
09-09-2006,5724
10-09-2006,6281
11-09-2006,4821
12-09-2006,6350
13-09-2006,5815
14-09-2006,6429
15-09-2006,6382
16-09-2006,6092
17-09-2006,6367
18-09-2006,5941
19-09-2006,6203
20-09-2006,6017
21-09-2006,5521
22-09-2006,6125
23-09-2006,5607
24-09-2006,5815
25-09-2006,5548
26-09-2006,5245
27-09-2006,5270
28-09-2006,5180
29-09-2006,5857
30-09-2006,5870
01-10-2006,5789
02-10-2006,5967
03-10-2006,5926
04-10-2006,5937
05-10-2006,5898
06-10-2006,5771
07-10-2006,5700
08-10-2006,5667
09-10-2006,5711
10-10-2006,5662
11-10-2006,5672
12-10-2006,5619
13-10-2006,5601
14-10-2006,5313
15-10-2006,5448
16-10-2006,5398
17-10-2006,5358
18-10-2006,5329
19-10-2006,5326
20-10-2006,5241
21-10-2006,5255
22-10-2006,5193
23-10-2006,5198
24-10-2006,5135
25-10-2006,5057
26-10-2006,5051
27-10-2006,5007
28-10-2006,4702
29-10-2006,4837
30-10-2006,4912
31-10-2006,4886
01-11-2006,4462
02-11-2006,4676
03-11-2006,4834
04-11-2006,4772
05-11-2006,4712
06-11-2006,4681
07-11-2006,4565
08-11-2006,4511
09-11-2006,4579
10-11-2006,4548
11-11-2006,4509
12-11-2006,4478
13-11-2006,4427
14-11-2006,4410
15-11-2006,4334
16-11-2006,4288
17-11-2006,4277
18-11-2006,4354
19-11-2006,4314
20-11-2006,4311
21-11-2006,4254
22-11-2006,4186
23-11-2006,4283
24-11-2006,4015
25-11-2006,4150
26-11-2006,4090
27-11-2006,4090
28-11-2006,4083
29-11-2006,4093
30-11-2006,4129
01-12-2006,4223
02-12-2006,4147
03-12-2006,4026
04-12-2006,3117
05-12-2006,3718
06-12-2006,3775
07-12-2006,3673
08-12-2006,3467
09-12-2006,4046
10-12-2006,4119
11-12-2006,3716
12-12-2006,4110
13-12-2006,4106
14-12-2006,3597
15-12-2006,3940
16-12-2006,3134
17-12-2006,4065
18-12-2006,4036
19-12-2006,4053
20-12-2006,3934
21-12-2006,4031
22-12-2006,4035
23-12-2006,3990
24-12-2006,3620
25-12-2006,3849
26-12-2006,3721
27-12-2006,3905
28-12-2006,4027
29-12-2006,4122
30-12-2006,3554
31-12-2006,3676
01-01-2007,3924
02-01-2007,4082
03-01-2007,4077
04-01-2007,4120
05-01-2007,4024
06-01-2007,4152
07-01-2007,4138
08-01-2007,3985
09-01-2007,4181
10-01-2007,4176
11-01-2007,4083
12-01-2007,4150
13-01-2007,3772
14-01-2007,4253
15-01-2007,4263
16-01-2007,4316
17-01-2007,4457
18-01-2007,4352
19-01-2007,4430
20-01-2007,3429
21-01-2007,4399
22-01-2007,4435
23-01-2007,4561
24-01-2007,4565
25-01-2007,4685
26-01-2007,4773
27-01-2007,4819
28-01-2007,4804
29-01-2007,4696
30-01-2007,4807
31-01-2007,4926
01-02-2007,4891
02-02-2007,4937
03-02-2007,4903
04-02-2007,4957
05-02-2007,5029
06-02-2007,5003
07-02-2007,5114
08-02-2007,5140
09-02-2007,2263
10-02-2007,3117
11-02-2007,4782
12-02-2007,5204
13-02-2007,4909
14-02-2007,5135
15-02-2007,4340
16-02-2007,5299
17-02-2007,4822
18-02-2007,4984
19-02-2007,5516
20-02-2007,5525
21-02-2007,5248
22-02-2007,5597
23-02-2007,5651
24-02-2007,3152
25-02-2007,5756
26-02-2007,5847
27-02-2007,5823
28-02-2007,4502
01-03-2007,5677
02-03-2007,5815
03-03-2007,5856
04-03-2007,5880
05-03-2007,5979
06-03-2007,5945
07-03-2007,5988
08-03-2007,6001
09-03-2007,5920
10-03-2007,6174
11-03-2007,4730
12-03-2007,5151
13-03-2007,5877
14-03-2007,6399
15-03-2007,6457
16-03-2007,6299
17-03-2007,6441
18-03-2007,6511
19-03-2007,4617
20-03-2007,5426
21-03-2007,6564
22-03-2007,6647
23-03-2007,6696
24-03-2007,6373
25-03-2007,6763
26-03-2007,6825
27-03-2007,6878
28-03-2007,6916
29-03-2007,6977
30-03-2007,6986
31-03-2007,6822
01-04-2007,6699
02-04-2007,6675
03-04-2007,6758
04-04-2007,6816
05-04-2007,6836
06-04-2007,6872
07-04-2007,6962
08-04-2007,6176
09-04-2007,7110
10-04-2007,6971
11-04-2007,7118
12-04-2007,7180
13-04-2007,7193
14-04-2007,7231
15-04-2007,7243
16-04-2007,7244
17-04-2007,7268
18-04-2007,7078
19-04-2007,7145
20-04-2007,6841
21-04-2007,6713
22-04-2007,7412
23-04-2007,7339
24-04-2007,7387
25-04-2007,7420
26-04-2007,7454
27-04-2007,7481
28-04-2007,7534
29-04-2007,7556
30-04-2007,7569
01-05-2007,6512
02-05-2007,7276
03-05-2007,7281
04-05-2007,7324
05-05-2007,7092
06-05-2007,6302
07-05-2007,7350
08-05-2007,7360
09-05-2007,7335
10-05-2007,7231
11-05-2007,7082
12-05-2007,7347
13-05-2007,7410
14-05-2007,7447
15-05-2007,7450
16-05-2007,7391
17-05-2007,7434
18-05-2007,7472
19-05-2007,7440
20-05-2007,7431
21-05-2007,7464
22-05-2007,7502
23-05-2007,7493
24-05-2007,7504
25-05-2007,7111
26-05-2007,6764
27-05-2007,7466
28-05-2007,6370
29-05-2007,7141
30-05-2007,7418
31-05-2007,7552
01-06-2007,7638
02-06-2007,7597
03-06-2007,7656
04-06-2007,3900
05-06-2007,7290
06-06-2007,7365
07-06-2007,7543
08-06-2007,7593
09-06-2007,7592
10-06-2007,7510
11-06-2007,7540
12-06-2007,7315
13-06-2007,7413
14-06-2007,7485
15-06-2007,7390
16-06-2007,6888
17-06-2007,7314
18-06-2007,7145
19-06-2007,6630
20-06-2007,5828
21-06-2007,7499
22-06-2007,7349
23-06-2007,7109
24-06-2007,6985
25-06-2007,5342
26-06-2007,4977
27-06-2007,5129
28-06-2007,6126
29-06-2007,5167
30-06-2007,7206
01-07-2007,7372
02-07-2007,7047
03-07-2007,5920
04-07-2007,1644
05-07-2007,1380
06-07-2007,4979
07-07-2007,6985
08-07-2007,5331
09-07-2007,6817
10-07-2007,5672
11-07-2007,4493
12-07-2007,6150
13-07-2007,7090
14-07-2007,5893
15-07-2007,5667
16-07-2007,7222
17-07-2007,5989
18-07-2007,7324
19-07-2007,7297
20-07-2007,6980
21-07-2007,6158
22-07-2007,6421
23-07-2007,6630
24-07-2007,6123
25-07-2007,5504
26-07-2007,7044
27-07-2007,6524
28-07-2007,5795
29-07-2007,4530
30-07-2007,6916
31-07-2007,6210
01-08-2007,6593
02-08-2007,6435
03-08-2007,6804
04-08-2007,4897
05-08-2007,5797
06-08-2007,6623
07-08-2007,4135
08-08-2007,6235
09-08-2007,4647
10-08-2007,6038
11-08-2007,4210
12-08-2007,3876
13-08-2007,4686
14-08-2007,3466
15-08-2007,6133
16-08-2007,6497
17-08-2007,6410
18-08-2007,6569
19-08-2007,6914
20-08-2007,3322
21-08-2007,4856
22-08-2007,3791
23-08-2007,5759
24-08-2007,5947
25-08-2007,6527
26-08-2007,6705
27-08-2007,6671
28-08-2007,5285
29-08-2007,2935
30-08-2007,6631
31-08-2007,6489
01-09-2007,5509
02-09-2007,6080
03-09-2007,5898
04-09-2007,6369
05-09-2007,6309
06-09-2007,5409
07-09-2007,5867
08-09-2007,5577
09-09-2007,5826
10-09-2007,6217
11-09-2007,6384
12-09-2007,6290
13-09-2007,6413
14-09-2007,6370
15-09-2007,6316
16-09-2007,5760
17-09-2007,5374
18-09-2007,6042
19-09-2007,5833
20-09-2007,5852
21-09-2007,6112
22-09-2007,5914
23-09-2007,4602
24-09-2007,4568
25-09-2007,4044
26-09-2007,5897
27-09-2007,6065
28-09-2007,5785
29-09-2007,5981
30-09-2007,5308
01-10-2007,6215
02-10-2007,6208
03-10-2007,6148
04-10-2007,5667
05-10-2007,5959
06-10-2007,5716
07-10-2007,5845
08-10-2007,5948
09-10-2007,5901
10-10-2007,5891
11-10-2007,5817
12-10-2007,5801
13-10-2007,5765
14-10-2007,5692
15-10-2007,5612
16-10-2007,5619
17-10-2007,5528
18-10-2007,5508
19-10-2007,5424
20-10-2007,5389
21-10-2007,5359
22-10-2007,5315
23-10-2007,5315
24-10-2007,5182
25-10-2007,5168
26-10-2007,5065
27-10-2007,5128
28-10-2007,5044
29-10-2007,5023
30-10-2007,4992
31-10-2007,4963
01-11-2007,5145
02-11-2007,5053
03-11-2007,5054
04-11-2007,5007
05-11-2007,4962
06-11-2007,4922
07-11-2007,4837
08-11-2007,4822
09-11-2007,4765
10-11-2007,4693
11-11-2007,4679
12-11-2007,4666
13-11-2007,4652
14-11-2007,4628
15-11-2007,4573
16-11-2007,4579
17-11-2007,4525
18-11-2007,4473
19-11-2007,4498
20-11-2007,4465
21-11-2007,4412
22-11-2007,4408
23-11-2007,4265
24-11-2007,4306
25-11-2007,4278
26-11-2007,4250
27-11-2007,4247
28-11-2007,4221
29-11-2007,4033
30-11-2007,4191
01-12-2007,4033
02-12-2007,4094
03-12-2007,4168
04-12-2007,4188
05-12-2007,4181
06-12-2007,3974
07-12-2007,4138
08-12-2007,4134
09-12-2007,4122
10-12-2007,4024
11-12-2007,4049
12-12-2007,3983
13-12-2007,4076
14-12-2007,4070
15-12-2007,4026
16-12-2007,3991
17-12-2007,3994
18-12-2007,4044
19-12-2007,3987
20-12-2007,4025
21-12-2007,4012
22-12-2007,4029
23-12-2007,1644
24-12-2007,3912
25-12-2007,4093
26-12-2007,4049
27-12-2007,4030
28-12-2007,4039
29-12-2007,4022
30-12-2007,4074
31-12-2007,3594
01-01-2008,4172
02-01-2008,4177
03-01-2008,4169
04-01-2008,4192
05-01-2008,3406
06-01-2008,4132
07-01-2008,3923
08-01-2008,3883
09-01-2008,3182
10-01-2008,4159
11-01-2008,4319
12-01-2008,3800
13-01-2008,4386
14-01-2008,4280
15-01-2008,3921
16-01-2008,4128
17-01-2008,3421
18-01-2008,4273
19-01-2008,3902
20-01-2008,4490
21-01-2008,4542
22-01-2008,4091
23-01-2008,4624
24-01-2008,4393
25-01-2008,4582
26-01-2008,4548
27-01-2008,4943
28-01-2008,4462
29-01-2008,3210
30-01-2008,4841
31-01-2008,4878
01-02-2008,4842
02-02-2008,2231
03-02-2008,4819
04-02-2008,4400
05-02-2008,5021
06-02-2008,4228
07-02-2008,5054
08-02-2008,5127
09-02-2008,5153
10-02-2008,5185
11-02-2008,5217
12-02-2008,5262
13-02-2008,5281
14-02-2008,5340
15-02-2008,5402
16-02-2008,5441
17-02-2008,5526
18-02-2008,5516
19-02-2008,5568
20-02-2008,5611
21-02-2008,5650
22-02-2008,5674
23-02-2008,5485
24-02-2008,5722
25-02-2008,5784
26-02-2008,5856
27-02-2008,5888
28-02-2008,5944
01-03-2008,5605
02-03-2008,5714
03-03-2008,5764
04-03-2008,5645
05-03-2008,5801
06-03-2008,5845
07-03-2008,5844
08-03-2008,6009
09-03-2008,5834
10-03-2008,5731
11-03-2008,3101
12-03-2008,3130
13-03-2008,6140
14-03-2008,6317
15-03-2008,6370
16-03-2008,6384
17-03-2008,6424
18-03-2008,6448
19-03-2008,6464
20-03-2008,6516
21-03-2008,6568
22-03-2008,5949
23-03-2008,6632
24-03-2008,5528
25-03-2008,5164
26-03-2008,6700
27-03-2008,6763
28-03-2008,6247
29-03-2008,6720
30-03-2008,6465
31-03-2008,6814
01-04-2008,6660
02-04-2008,6600
03-04-2008,6768
04-04-2008,4048
05-04-2008,6592
06-04-2008,6709
07-04-2008,6888
08-04-2008,6721
09-04-2008,6897
10-04-2008,6985
11-04-2008,7001
12-04-2008,6844
13-04-2008,6917
14-04-2008,7060
15-04-2008,6954
16-04-2008,6991
17-04-2008,7179
18-04-2008,7197
19-04-2008,7221
20-04-2008,7254
21-04-2008,7283
22-04-2008,7259
23-04-2008,7305
24-04-2008,7328
25-04-2008,7368
26-04-2008,7377
27-04-2008,7408
28-04-2008,7356
29-04-2008,7431
30-04-2008,7458
01-05-2008,6867
02-05-2008,6893
03-05-2008,6841
04-05-2008,6791
05-05-2008,6793
06-05-2008,6208
07-05-2008,7023
08-05-2008,6840
09-05-2008,6868
10-05-2008,7038
11-05-2008,7003
12-05-2008,6982
13-05-2008,6470
14-05-2008,7019
15-05-2008,6932
16-05-2008,7172
17-05-2008,7070
18-05-2008,6874
19-05-2008,6600
20-05-2008,7060
21-05-2008,7039
22-05-2008,6918
23-05-2008,6547
24-05-2008,6936
25-05-2008,7222
26-05-2008,6471
27-05-2008,7148
28-05-2008,7243
29-05-2008,7237
30-05-2008,7215
31-05-2008,7252
01-06-2008,6861
02-06-2008,6518
03-06-2008,6389
04-06-2008,6900
05-06-2008,7071
06-06-2008,6139
07-06-2008,7003
08-06-2008,5194
09-06-2008,7097
10-06-2008,6536
11-06-2008,6618
12-06-2008,3278
13-06-2008,5150
14-06-2008,6904
15-06-2008,6780
16-06-2008,6757
17-06-2008,6530
18-06-2008,6604
19-06-2008,6526
20-06-2008,6807
21-06-2008,6733
22-06-2008,6776
23-06-2008,7047
24-06-2008,7045
25-06-2008,6555
26-06-2008,7038
27-06-2008,6813
28-06-2008,6442
29-06-2008,6459
30-06-2008,4716
01-07-2008,6864
02-07-2008,7230
03-07-2008,7185
04-07-2008,7117
05-07-2008,6407
06-07-2008,5704
07-07-2008,3695
08-07-2008,5731
09-07-2008,5741
10-07-2008,5749
11-07-2008,4927
12-07-2008,4380
13-07-2008,6166
14-07-2008,6915
15-07-2008,6268
16-07-2008,6858
17-07-2008,6464
18-07-2008,6756
19-07-2008,6781
20-07-2008,6933
21-07-2008,5994
22-07-2008,6438
23-07-2008,6996
24-07-2008,6643
25-07-2008,6996
26-07-2008,6789
27-07-2008,4250
28-07-2008,5621
29-07-2008,6684
30-07-2008,6274
31-07-2008,5555
01-08-2008,3021
02-08-2008,2284
03-08-2008,6411
04-08-2008,3397
05-08-2008,5050
06-08-2008,5585
07-08-2008,4964
08-08-2008,5217
09-08-2008,6241
10-08-2008,4292
11-08-2008,6214
12-08-2008,5039
13-08-2008,2496
14-08-2008,6143
15-08-2008,6237
16-08-2008,5908
17-08-2008,6353
18-08-2008,6808
19-08-2008,6080
20-08-2008,6462
21-08-2008,5626
22-08-2008,6448
23-08-2008,5845
24-08-2008,5337
25-08-2008,6143
26-08-2008,5032
27-08-2008,6301
28-08-2008,6464
29-08-2008,6524
30-08-2008,5641
31-08-2008,5498
01-09-2008,6443
02-09-2008,6720
03-09-2008,6703
04-09-2008,6678
05-09-2008,6631
06-09-2008,5902
07-09-2008,6028
08-09-2008,6357
09-09-2008,5999
10-09-2008,6168
11-09-2008,5793
12-09-2008,5447
13-09-2008,5473
14-09-2008,4939
15-09-2008,5709
16-09-2008,5642
17-09-2008,4713
18-09-2008,5186
19-09-2008,5199
20-09-2008,6139
21-09-2008,6233
22-09-2008,5783
23-09-2008,6162
24-09-2008,6120
25-09-2008,6084
26-09-2008,6067
27-09-2008,5857
28-09-2008,5787
29-09-2008,5657
30-09-2008,5908
01-10-2008,5718
02-10-2008,5909
03-10-2008,5861
04-10-2008,5927
05-10-2008,5884
06-10-2008,5733
07-10-2008,5764
08-10-2008,5682
09-10-2008,5647
10-10-2008,5412
11-10-2008,5660
12-10-2008,5670
13-10-2008,5650
14-10-2008,5613
15-10-2008,5463
16-10-2008,5270
17-10-2008,5362
18-10-2008,5458
19-10-2008,5431
20-10-2008,5396
21-10-2008,5347
22-10-2008,5300
23-10-2008,5237
24-10-2008,5227
25-10-2008,5193
26-10-2008,5153
27-10-2008,5092
28-10-2008,5065
29-10-2008,4996
30-10-2008,4976
31-10-2008,4949
01-11-2008,5052
02-11-2008,5020
03-11-2008,4992
04-11-2008,4981
05-11-2008,4943
06-11-2008,4850
07-11-2008,4853
08-11-2008,4818
09-11-2008,4778
10-11-2008,4728
11-11-2008,4726
12-11-2008,4683
13-11-2008,4622
14-11-2008,4572
15-11-2008,4456
16-11-2008,4366
17-11-2008,4366
18-11-2008,4318
19-11-2008,4333
20-11-2008,4361
21-11-2008,4403
22-11-2008,4361
23-11-2008,4333
24-11-2008,4303
25-11-2008,4267
26-11-2008,4222
27-11-2008,4197
28-11-2008,4236
29-11-2008,4179
30-11-2008,4291
01-12-2008,4199
02-12-2008,4257
03-12-2008,4168
04-12-2008,4043
05-12-2008,4013
06-12-2008,3941
07-12-2008,3947
08-12-2008,4045
09-12-2008,4037
10-12-2008,4139
11-12-2008,4135
12-12-2008,4130
13-12-2008,4111
14-12-2008,4055
15-12-2008,3973
16-12-2008,3876
17-12-2008,3884
18-12-2008,3835
19-12-2008,3895
20-12-2008,3853
21-12-2008,3997
22-12-2008,4088
23-12-2008,4102
24-12-2008,4104
25-12-2008,4095
26-12-2008,4111
27-12-2008,4133
28-12-2008,4130
29-12-2008,4063
30-12-2008,4108
31-12-2008,4145
01-01-2009,4074
02-01-2009,4088
03-01-2009,4167
04-01-2009,4080
05-01-2009,4210
06-01-2009,4215
07-01-2009,4232
08-01-2009,4238
09-01-2009,3924
10-01-2009,4204
11-01-2009,4265
12-01-2009,4258
13-01-2009,4124
14-01-2009,4186
15-01-2009,3683
16-01-2009,2799
17-01-2009,4054
18-01-2009,4249
19-01-2009,4483
20-01-2009,4549
21-01-2009,3827
22-01-2009,4238
23-01-2009,4322
24-01-2009,3639
25-01-2009,4591
26-01-2009,4684
27-01-2009,4728
28-01-2009,4762
29-01-2009,4827
30-01-2009,4827
31-01-2009,4867
01-02-2009,4846
02-02-2009,4926
03-02-2009,4941
04-02-2009,5037
05-02-2009,5052
06-02-2009,5094
07-02-2009,5032
08-02-2009,5191
09-02-2009,4039
10-02-2009,4138
11-02-2009,5339
12-02-2009,5007
13-02-2009,5305
14-02-2009,5300
15-02-2009,5441
16-02-2009,5435
17-02-2009,5466
18-02-2009,5571
19-02-2009,5631
20-02-2009,5673
21-02-2009,5521
22-02-2009,4852
23-02-2009,5610
24-02-2009,5777
25-02-2009,5798
26-02-2009,5843
27-02-2009,5883
28-02-2009,5992
01-03-2009,5420
02-03-2009,5813
03-03-2009,5835
04-03-2009,5808
05-03-2009,5789
06-03-2009,5894
07-03-2009,6039
08-03-2009,6061
09-03-2009,6153
10-03-2009,6198
11-03-2009,6178
12-03-2009,6149
13-03-2009,6292
14-03-2009,6306
15-03-2009,6384
16-03-2009,6435
17-03-2009,5900
18-03-2009,6536
19-03-2009,6527
20-03-2009,6297
21-03-2009,6577
22-03-2009,6122
23-03-2009,6583
24-03-2009,6319
25-03-2009,6769
26-03-2009,6594
27-03-2009,4953
28-03-2009,6679
29-03-2009,6698
30-03-2009,6784
31-03-2009,6306
01-04-2009,6119
02-04-2009,5966
03-04-2009,6363
04-04-2009,6769
05-04-2009,5275
06-04-2009,6680
07-04-2009,6979
08-04-2009,6683
09-04-2009,7069
10-04-2009,7107
11-04-2009,7144
12-04-2009,7165
13-04-2009,7207
14-04-2009,7234
15-04-2009,7182
16-04-2009,7260
17-04-2009,7309
18-04-2009,7338
19-04-2009,7347
20-04-2009,7409
21-04-2009,7325
22-04-2009,7320
23-04-2009,7410
24-04-2009,7483
25-04-2009,7496
26-04-2009,7505
27-04-2009,7539
28-04-2009,7564
29-04-2009,7583
30-04-2009,7577
01-05-2009,6896
02-05-2009,7057
03-05-2009,7131
04-05-2009,6919
05-05-2009,6751
06-05-2009,6934
07-05-2009,6903
08-05-2009,7106
09-05-2009,7060
10-05-2009,7078
11-05-2009,6765
12-05-2009,7196
13-05-2009,7238
14-05-2009,7239
15-05-2009,7217
16-05-2009,7305
17-05-2009,7307
18-05-2009,7298
19-05-2009,7317
20-05-2009,7287
21-05-2009,5198
22-05-2009,7374
23-05-2009,7295
24-05-2009,6979
25-05-2009,7358
26-05-2009,7308
27-05-2009,7347
28-05-2009,7304
29-05-2009,7333
30-05-2009,7414
31-05-2009,7392
01-06-2009,7279
02-06-2009,6612
03-06-2009,7329
04-06-2009,7392
05-06-2009,7429
06-06-2009,7383
07-06-2009,7201
08-06-2009,7373
09-06-2009,7427
10-06-2009,7449
11-06-2009,7481
12-06-2009,7366
13-06-2009,7504
14-06-2009,6819
15-06-2009,6557
16-06-2009,7194
17-06-2009,7521
18-06-2009,7398
19-06-2009,7183
20-06-2009,7497
21-06-2009,7482
22-06-2009,7147
23-06-2009,4543
24-06-2009,4342
25-06-2009,6993
26-06-2009,7271
27-06-2009,7255
28-06-2009,7160
29-06-2009,7192
30-06-2009,6908
01-07-2009,6769
02-07-2009,6899
03-07-2009,4682
04-07-2009,7435
05-07-2009,7401
06-07-2009,7253
07-07-2009,7423
08-07-2009,7128
09-07-2009,7008
10-07-2009,4292
11-07-2009,5754
12-07-2009,5473
13-07-2009,6551
14-07-2009,4553
15-07-2009,7261
16-07-2009,4639
17-07-2009,4746
18-07-2009,5538
19-07-2009,5832
20-07-2009,5491
21-07-2009,5567
22-07-2009,5315
23-07-2009,6241
24-07-2009,6546
25-07-2009,5725
26-07-2009,5504
27-07-2009,5830
28-07-2009,5392
29-07-2009,5466
30-07-2009,5299
31-07-2009,4643
01-08-2009,6649
02-08-2009,6462
03-08-2009,6794
04-08-2009,5553
05-08-2009,6358
06-08-2009,6384
07-08-2009,6430
08-08-2009,6477
09-08-2009,6465
10-08-2009,6336
11-08-2009,7013
12-08-2009,6741
13-08-2009,5654
14-08-2009,6024
15-08-2009,5744
16-08-2009,5616
17-08-2009,5619
18-08-2009,6762
19-08-2009,6182
20-08-2009,6348
21-08-2009,6722
22-08-2009,6684
23-08-2009,6692
24-08-2009,6499
25-08-2009,5580
26-08-2009,5701
27-08-2009,6742
28-08-2009,6250
29-08-2009,5337
30-08-2009,4189
31-08-2009,4830
01-09-2009,6729
02-09-2009,6717
03-09-2009,5992
04-09-2009,4649
05-09-2009,6764
06-09-2009,6741
07-09-2009,6509
08-09-2009,6739
09-09-2009,6738
10-09-2009,6501
11-09-2009,6574
12-09-2009,6471
13-09-2009,6592
14-09-2009,6608
15-09-2009,6563
16-09-2009,6505
17-09-2009,6483
18-09-2009,6439
19-09-2009,6410
20-09-2009,6359
21-09-2009,6336
22-09-2009,6338
23-09-2009,6312
24-09-2009,6257
25-09-2009,6237
26-09-2009,6248
27-09-2009,6171
28-09-2009,6057
29-09-2009,6078
30-09-2009,6052
01-10-2009,6096
02-10-2009,5925
03-10-2009,5836
04-10-2009,5233
05-10-2009,5452
06-10-2009,5549
07-10-2009,5836
08-10-2009,5793
09-10-2009,5712
10-10-2009,5697
11-10-2009,5591
12-10-2009,5518
13-10-2009,4388
14-10-2009,5510
15-10-2009,5103
16-10-2009,5102
17-10-2009,5406
18-10-2009,5194
19-10-2009,5485
20-10-2009,5447
21-10-2009,5373
22-10-2009,5340
23-10-2009,5295
24-10-2009,5102
25-10-2009,5223
26-10-2009,5235
27-10-2009,5178
28-10-2009,5131
29-10-2009,5049
30-10-2009,5062
31-10-2009,5032
01-11-2009,5049
02-11-2009,4825
03-11-2009,4915
04-11-2009,4799
05-11-2009,4851
06-11-2009,4803
07-11-2009,4776
08-11-2009,4664
09-11-2009,4754
10-11-2009,4588
11-11-2009,4147
12-11-2009,4252
13-11-2009,1924
14-11-2009,3079
15-11-2009,4230
16-11-2009,4573
17-11-2009,4540
18-11-2009,4523
19-11-2009,4426
20-11-2009,4369
21-11-2009,4339
22-11-2009,4355
23-11-2009,4276
24-11-2009,4304
25-11-2009,4271
26-11-2009,4269
27-11-2009,4148
28-11-2009,4165
29-11-2009,4100
30-11-2009,3912
01-12-2009,4081
02-12-2009,4187
03-12-2009,3799
04-12-2009,4138
05-12-2009,4168
06-12-2009,4155
07-12-2009,4116
08-12-2009,4087
09-12-2009,3942
10-12-2009,3385
11-12-2009,3877
12-12-2009,3857
13-12-2009,3949
14-12-2009,3445
15-12-2009,3943
16-12-2009,3933
17-12-2009,3906
18-12-2009,4015
19-12-2009,3999
20-12-2009,3957
21-12-2009,3926
22-12-2009,3961
23-12-2009,3964
24-12-2009,3896
25-12-2009,3957
26-12-2009,3914
27-12-2009,3938
28-12-2009,3972
29-12-2009,3961
30-12-2009,3691
31-12-2009,3982
01-01-2010,4217
02-01-2010,3959
03-01-2010,2742
04-01-2010,3641
05-01-2010,4279
06-01-2010,4273
07-01-2010,4312
08-01-2010,4390
09-01-2010,4322
10-01-2010,4311
11-01-2010,4323
12-01-2010,4139
13-01-2010,4287
14-01-2010,4450
15-01-2010,4273
16-01-2010,4569
17-01-2010,4537
18-01-2010,4577
19-01-2010,4550
20-01-2010,4671
21-01-2010,4576
22-01-2010,4696
23-01-2010,4679
24-01-2010,4688
25-01-2010,4700
26-01-2010,4715
27-01-2010,4805
28-01-2010,4774
29-01-2010,4787
30-01-2010,4929
31-01-2010,5003
01-02-2010,4938
02-02-2010,4906
03-02-2010,4923
04-02-2010,4954
05-02-2010,4940
06-02-2010,5000
07-02-2010,4927
08-02-2010,2607
09-02-2010,4222
10-02-2010,5099
11-02-2010,5245
12-02-2010,5333
13-02-2010,5254
14-02-2010,5426
15-02-2010,5445
16-02-2010,5497
17-02-2010,5447
18-02-2010,5558
19-02-2010,5616
20-02-2010,5656
21-02-2010,5332
22-02-2010,5108
23-02-2010,5779
24-02-2010,5835
25-02-2010,5866
26-02-2010,5921
27-02-2010,5981
28-02-2010,5989
01-03-2010,5783
02-03-2010,5578
03-03-2010,5718
04-03-2010,5836
05-03-2010,5703
06-03-2010,5089
07-03-2010,6043
08-03-2010,6062
09-03-2010,6107
10-03-2010,6171
11-03-2010,6212
12-03-2010,6279
13-03-2010,6311
14-03-2010,6346
15-03-2010,6424
16-03-2010,6390
17-03-2010,6484
18-03-2010,6547
19-03-2010,6589
20-03-2010,6618
21-03-2010,6656
22-03-2010,6581
23-03-2010,6713
24-03-2010,6774
25-03-2010,6674
26-03-2010,6782
27-03-2010,6804
28-03-2010,6862
29-03-2010,6913
30-03-2010,6876
31-03-2010,6979
01-04-2010,6402
02-04-2010,6631
03-04-2010,6482
04-04-2010,6617
05-04-2010,6734
06-04-2010,6824
07-04-2010,6684
08-04-2010,6358
09-04-2010,6647
10-04-2010,6943
11-04-2010,7001
12-04-2010,6960
13-04-2010,7033
14-04-2010,7083
15-04-2010,7108
16-04-2010,7151
17-04-2010,7168
18-04-2010,7061
19-04-2010,6816
20-04-2010,7078
21-04-2010,7206
22-04-2010,7257
23-04-2010,7303
24-04-2010,7328
25-04-2010,7361
26-04-2010,7202
27-04-2010,7178
28-04-2010,7289
29-04-2010,7083
30-04-2010,7197
01-05-2010,6688
02-05-2010,7037
03-05-2010,6541
04-05-2010,6977
05-05-2010,7032
06-05-2010,7030
07-05-2010,7127
08-05-2010,6518
09-05-2010,7167
10-05-2010,7205
11-05-2010,7158
12-05-2010,7231
13-05-2010,7179
14-05-2010,7244
15-05-2010,7255
16-05-2010,7328
17-05-2010,7278
18-05-2010,7314
19-05-2010,7200
20-05-2010,7258
21-05-2010,7357
22-05-2010,7364
23-05-2010,7363
24-05-2010,7333
25-05-2010,7300
26-05-2010,7365
27-05-2010,7146
28-05-2010,7226
29-05-2010,7264
30-05-2010,7387
31-05-2010,7415
01-06-2010,7409
02-06-2010,7496
03-06-2010,7346
04-06-2010,7123
05-06-2010,6147
06-06-2010,4414
07-06-2010,2438
08-06-2010,7395
09-06-2010,7390
10-06-2010,7460
11-06-2010,7420
12-06-2010,7485
13-06-2010,7045
14-06-2010,7560
15-06-2010,6605
16-06-2010,6890
17-06-2010,6970
18-06-2010,6802
19-06-2010,7284
20-06-2010,6960
21-06-2010,7383
22-06-2010,7415
23-06-2010,7471
24-06-2010,7092
25-06-2010,6817
26-06-2010,7329
27-06-2010,7382
28-06-2010,7341
29-06-2010,7369
30-06-2010,7306
01-07-2010,7351
02-07-2010,7126
03-07-2010,7234
04-07-2010,5925
05-07-2010,4161
06-07-2010,6336
07-07-2010,7139
08-07-2010,6550
09-07-2010,7104
10-07-2010,7261
11-07-2010,6250
12-07-2010,5291
13-07-2010,6372
14-07-2010,7065
15-07-2010,7282
16-07-2010,6317
17-07-2010,7008
18-07-2010,5301
19-07-2010,6045
20-07-2010,6463
21-07-2010,5830
22-07-2010,5305
23-07-2010,5504
24-07-2010,6008
25-07-2010,4088
26-07-2010,5213
27-07-2010,4751
28-07-2010,4879
29-07-2010,6629
30-07-2010,5282
31-07-2010,3173
01-08-2010,6133
02-08-2010,6007
03-08-2010,5116
04-08-2010,5478
05-08-2010,3440
06-08-2010,5289
07-08-2010,6938
08-08-2010,6921
09-08-2010,5769
10-08-2010,5715
11-08-2010,6243
12-08-2010,5929
13-08-2010,1728
14-08-2010,4480
15-08-2010,6994
16-08-2010,4833
17-08-2010,4270
18-08-2010,5369
19-08-2010,4173
20-08-2010,4327
21-08-2010,2506
22-08-2010,5457
23-08-2010,5840
24-08-2010,6526
25-08-2010,6569
26-08-2010,5448
27-08-2010,6906
28-08-2010,5019
29-08-2010,6378
30-08-2010,6436
31-08-2010,6416
01-09-2010,6409
02-09-2010,5220
03-09-2010,5969
04-09-2010,5960
05-09-2010,2478
06-09-2010,5863
07-09-2010,4951
08-09-2010,5544
09-09-2010,6202
10-09-2010,3741
11-09-2010,3822
12-09-2010,4581
13-09-2010,1932
14-09-2010,4410
15-09-2010,6235
16-09-2010,6503
17-09-2010,6429
18-09-2010,6447
19-09-2010,6408
20-09-2010,6264
21-09-2010,4576
22-09-2010,5133
23-09-2010,6338
24-09-2010,6306
25-09-2010,6252
26-09-2010,6226
27-09-2010,6226
28-09-2010,6165
29-09-2010,6117
30-09-2010,6080
01-10-2010,5935
02-10-2010,5901
03-10-2010,5876
04-10-2010,5827
05-10-2010,5839
06-10-2010,5840
07-10-2010,5764
08-10-2010,5776
09-10-2010,5819
10-10-2010,5799
11-10-2010,5594
12-10-2010,5519
13-10-2010,5560
14-10-2010,5553
15-10-2010,5574
16-10-2010,5531
17-10-2010,5450
18-10-2010,5376
19-10-2010,5340
20-10-2010,5309
21-10-2010,5275
22-10-2010,5197
23-10-2010,5203
24-10-2010,5133
25-10-2010,5097
26-10-2010,4871
27-10-2010,5015
28-10-2010,4962
29-10-2010,3738
30-10-2010,4692
31-10-2010,4873
01-11-2010,4915
02-11-2010,4923
03-11-2010,4794
04-11-2010,4854
05-11-2010,4833
06-11-2010,4753
07-11-2010,4601
08-11-2010,4596
09-11-2010,3744
10-11-2010,4263
11-11-2010,2948
12-11-2010,3363
13-11-2010,2511
14-11-2010,4013
15-11-2010,3653
16-11-2010,4110
17-11-2010,2714
18-11-2010,4312
19-11-2010,4444
20-11-2010,4395
21-11-2010,4374
22-11-2010,1557
23-11-2010,1984
24-11-2010,1549
25-11-2010,1974
26-11-2010,4231
27-11-2010,4219
28-11-2010,4196
29-11-2010,4188
30-11-2010,4126
01-12-2010,4276
02-12-2010,4242
03-12-2010,4233
04-12-2010,4240
05-12-2010,4182
06-12-2010,4102
07-12-2010,4115
08-12-2010,4098
09-12-2010,4152
10-12-2010,4092
11-12-2010,4083
12-12-2010,4080
13-12-2010,4069
14-12-2010,4069
15-12-2010,4036
16-12-2010,4063
17-12-2010,4015
18-12-2010,4004
19-12-2010,4004
20-12-2010,3978
21-12-2010,3974
22-12-2010,4019
23-12-2010,3997
24-12-2010,3982
25-12-2010,3975
26-12-2010,4024
27-12-2010,3884
28-12-2010,1943
29-12-2010,3201
30-12-2010,3323
31-12-2010,4081
01-01-2011,4291
02-01-2011,4339
03-01-2011,4357
04-01-2011,4305
05-01-2011,4338
06-01-2011,4324
07-01-2011,4377
08-01-2011,4376
09-01-2011,4375
10-01-2011,4383
11-01-2011,4381
12-01-2011,4333
13-01-2011,4341
14-01-2011,4453
15-01-2011,4406
16-01-2011,4511
17-01-2011,4519
18-01-2011,4577
19-01-2011,4632
20-01-2011,4546
21-01-2011,4277
22-01-2011,4541
23-01-2011,4547
24-01-2011,4178
25-01-2011,4787
26-01-2011,4807
27-01-2011,4807
28-01-2011,4947
29-01-2011,4815
30-01-2011,4949
31-01-2011,5011
01-02-2011,4931
02-02-2011,4937
03-02-2011,4985
04-02-2011,4993
05-02-2011,5088
06-02-2011,5039
07-02-2011,3477
08-02-2011,5126
09-02-2011,5240
10-02-2011,5231
11-02-2011,5215
12-02-2011,5285
13-02-2011,5304
14-02-2011,1679
15-02-2011,4607
16-02-2011,5379
17-02-2011,5349
18-02-2011,5241
19-02-2011,5449
20-02-2011,5390
21-02-2011,5755
22-02-2011,5776
23-02-2011,5777
24-02-2011,5771
25-02-2011,5895
26-02-2011,5859
27-02-2011,6048
28-02-2011,5814
01-03-2011,5029
02-03-2011,4865
03-03-2011,5184
04-03-2011,5919
05-03-2011,5566
06-03-2011,6036
07-03-2011,6089
08-03-2011,5841
09-03-2011,6199
10-03-2011,6244
11-03-2011,6300
12-03-2011,6371
13-03-2011,6402
14-03-2011,6451
15-03-2011,6497
16-03-2011,6532
17-03-2011,6526
18-03-2011,6198
19-03-2011,6392
20-03-2011,6655
21-03-2011,6645
22-03-2011,6739
23-03-2011,6808
24-03-2011,6836
25-03-2011,6884
26-03-2011,6948
27-03-2011,6929
28-03-2011,6940
29-03-2011,7001
30-03-2011,7008
31-03-2011,7014
01-04-2011,5789
02-04-2011,6770
03-04-2011,6874
04-04-2011,6884
05-04-2011,6901
06-04-2011,5928
07-04-2011,6973
08-04-2011,6170
09-04-2011,6903
10-04-2011,7055
11-04-2011,4937
12-04-2011,6988
13-04-2011,6978
14-04-2011,7061
15-04-2011,5095
16-04-2011,6077
17-04-2011,6961
18-04-2011,7349
19-04-2011,7317
20-04-2011,7295
21-04-2011,7388
22-04-2011,7418
23-04-2011,7446
24-04-2011,7104
25-04-2011,7476
26-04-2011,7498
27-04-2011,7535
28-04-2011,7517
29-04-2011,7416
30-04-2011,7492
01-05-2011,7267
02-05-2011,7151
03-05-2011,7290
04-05-2011,7301
05-05-2011,7339
06-05-2011,7352
07-05-2011,7201
08-05-2011,7322
09-05-2011,7330
10-05-2011,7391
11-05-2011,7443
12-05-2011,7439
13-05-2011,7404
14-05-2011,7419
15-05-2011,7448
16-05-2011,6595
17-05-2011,6209
18-05-2011,7488
19-05-2011,7549
20-05-2011,7458
21-05-2011,7393
22-05-2011,7441
23-05-2011,7481
24-05-2011,7515
25-05-2011,7525
26-05-2011,6828
27-05-2011,7550
28-05-2011,7525
29-05-2011,7518
30-05-2011,7580
31-05-2011,7545
01-06-2011,6971
02-06-2011,6296
03-06-2011,6501
04-06-2011,6739
05-06-2011,6973
06-06-2011,6917
07-06-2011,6646
08-06-2011,6997
09-06-2011,6927
10-06-2011,7016
11-06-2011,7014
12-06-2011,7109
13-06-2011,7115
14-06-2011,7042
15-06-2011,6547
16-06-2011,6960
17-06-2011,6923
18-06-2011,6909
19-06-2011,6996
20-06-2011,7009
21-06-2011,6970
22-06-2011,6766
23-06-2011,5035
24-06-2011,6125
25-06-2011,6675
26-06-2011,5367
27-06-2011,4847
28-06-2011,6459
29-06-2011,6192
30-06-2011,6361
01-07-2011,5849
02-07-2011,5889
03-07-2011,7074
04-07-2011,6329
05-07-2011,6174
06-07-2011,5980
07-07-2011,6211
08-07-2011,5778
09-07-2011,6853
10-07-2011,6165
11-07-2011,6864
12-07-2011,7111
13-07-2011,5997
14-07-2011,6179
15-07-2011,6422
16-07-2011,5245
17-07-2011,6263
18-07-2011,5671
19-07-2011,6793
20-07-2011,6625
21-07-2011,6233
22-07-2011,6680
23-07-2011,3932
24-07-2011,4802
25-07-2011,5278
26-07-2011,6680
27-07-2011,6115
28-07-2011,4433
29-07-2011,5111
30-07-2011,5935
31-07-2011,5950
01-08-2011,4796
02-08-2011,7279
03-08-2011,7236
04-08-2011,6408
05-08-2011,6953
06-08-2011,7214
07-08-2011,6925
08-08-2011,4716
09-08-2011,3374
10-08-2011,3935
11-08-2011,4768
12-08-2011,3641
13-08-2011,4089
14-08-2011,6080
15-08-2011,3213
16-08-2011,3245
17-08-2011,6475
18-08-2011,6829
19-08-2011,6772
20-08-2011,4519
21-08-2011,6391
22-08-2011,6695
23-08-2011,6656
24-08-2011,4586
25-08-2011,5528
26-08-2011,6026
27-08-2011,6511
28-08-2011,5677
29-08-2011,6511
30-08-2011,6337
31-08-2011,4778
01-09-2011,5485
02-09-2011,5560
03-09-2011,4897
04-09-2011,4763
05-09-2011,6229
06-09-2011,5956
07-09-2011,5247
08-09-2011,4371
09-09-2011,5371
10-09-2011,6152
11-09-2011,4952
12-09-2011,5898
13-09-2011,6026
14-09-2011,5810
15-09-2011,5685
16-09-2011,6247
17-09-2011,3945
18-09-2011,5180
19-09-2011,5330
20-09-2011,5759
21-09-2011,6345
22-09-2011,6320
23-09-2011,6339
24-09-2011,6263
25-09-2011,6399
26-09-2011,6109
27-09-2011,6323
28-09-2011,6326
29-09-2011,6262
30-09-2011,6289
01-10-2011,6133
02-10-2011,6063
03-10-2011,6060
04-10-2011,6036
05-10-2011,5952
06-10-2011,5901
07-10-2011,5842
08-10-2011,5799
09-10-2011,5753
10-10-2011,5741
11-10-2011,4992
12-10-2011,5125
13-10-2011,5322
14-10-2011,5618
15-10-2011,5650
16-10-2011,5376
17-10-2011,5514
18-10-2011,5455
19-10-2011,5369
20-10-2011,4895
21-10-2011,5359
22-10-2011,5286
23-10-2011,5249
24-10-2011,5213
25-10-2011,5165
26-10-2011,5130
27-10-2011,5081
28-10-2011,5018
29-10-2011,4968
30-10-2011,4926
31-10-2011,4772
01-11-2011,4942
02-11-2011,4888
03-11-2011,3463
04-11-2011,4690
05-11-2011,4683
06-11-2011,4761
07-11-2011,4727
08-11-2011,4411
09-11-2011,4528
10-11-2011,4517
11-11-2011,4461
12-11-2011,4537
13-11-2011,4572
14-11-2011,4497
15-11-2011,4459
16-11-2011,4457
17-11-2011,4448
18-11-2011,4431
19-11-2011,4424
20-11-2011,4375
21-11-2011,4352
22-11-2011,4322
23-11-2011,4303
24-11-2011,4218
25-11-2011,3790
26-11-2011,4131
27-11-2011,4065
28-11-2011,4150
29-11-2011,4187
30-11-2011,4010
01-12-2011,4041
02-12-2011,4002
03-12-2011,4045
04-12-2011,4063
05-12-2011,4084
06-12-2011,4109
07-12-2011,4103
08-12-2011,4091
09-12-2011,4086
10-12-2011,4001
11-12-2011,3971
12-12-2011,3986
13-12-2011,3979
14-12-2011,3961
15-12-2011,3950
16-12-2011,3973
17-12-2011,3961
18-12-2011,3973
19-12-2011,3965
20-12-2011,3987
21-12-2011,3966
22-12-2011,3997
23-12-2011,4008
24-12-2011,3985
25-12-2011,4035
26-12-2011,4047
27-12-2011,4031
28-12-2011,4032
29-12-2011,4024
30-12-2011,4029
31-12-2011,3977
01-01-2012,3984
02-01-2012,4082
03-01-2012,4076
04-01-2012,4090
05-01-2012,4073
06-01-2012,4097
07-01-2012,3872
08-01-2012,4087
09-01-2012,4155
10-01-2012,4212
11-01-2012,4270
12-01-2012,4241
13-01-2012,4256
14-01-2012,4264
15-01-2012,4217
16-01-2012,4022
17-01-2012,4397
18-01-2012,4453
19-01-2012,4456
20-01-2012,4479
21-01-2012,4538
22-01-2012,2231
23-01-2012,4611
24-01-2012,4438
25-01-2012,4314
26-01-2012,4717
27-01-2012,4727
28-01-2012,4766
29-01-2012,4759
30-01-2012,4771
31-01-2012,4831
01-02-2012,4799
02-02-2012,4782
03-02-2012,4063
04-02-2012,4761
05-02-2012,4866
06-02-2012,4967
07-02-2012,4948
08-02-2012,5011
09-02-2012,5010
10-02-2012,5083
11-02-2012,4991
12-02-2012,5207
13-02-2012,5232
14-02-2012,4368
15-02-2012,5333
16-02-2012,5158
17-02-2012,5434
18-02-2012,5427
19-02-2012,5480
20-02-2012,5536
21-02-2012,5559
22-02-2012,5533
23-02-2012,5675
24-02-2012,5720
25-02-2012,5766
26-02-2012,5797
27-02-2012,5863
28-02-2012,5874
01-03-2012,5594
02-03-2012,5674
03-03-2012,5666
04-03-2012,5724
05-03-2012,5706
06-03-2012,5638
07-03-2012,5736
08-03-2012,5778
09-03-2012,5912
10-03-2012,5972
11-03-2012,6045
12-03-2012,6100
13-03-2012,6143
14-03-2012,6173
15-03-2012,6223
16-03-2012,6266
17-03-2012,6303
18-03-2012,6335
19-03-2012,6348
20-03-2012,5790
21-03-2012,6191
22-03-2012,6404
23-03-2012,6475
24-03-2012,6477
25-03-2012,6551
26-03-2012,6522
27-03-2012,6118
28-03-2012,6404
29-03-2012,6725
30-03-2012,6725
31-03-2012,6761
01-04-2012,6736
02-04-2012,6458
03-04-2012,6732
04-04-2012,6632
05-04-2012,6956
06-04-2012,6956
07-04-2012,6991
08-04-2012,6845
09-04-2012,7068
10-04-2012,7065
11-04-2012,6874
12-04-2012,5080
13-04-2012,6303
14-04-2012,6837
15-04-2012,7226
16-04-2012,7168
17-04-2012,7127
18-04-2012,7042
19-04-2012,6471
20-04-2012,3771
21-04-2012,6890
22-04-2012,7109
23-04-2012,6817
24-04-2012,6719
25-04-2012,6646
26-04-2012,6564
27-04-2012,7340
28-04-2012,6957
29-04-2012,7163
30-04-2012,7346
01-05-2012,7200
02-05-2012,7261
03-05-2012,7065
04-05-2012,7078
05-05-2012,7102
06-05-2012,6983
07-05-2012,6966
08-05-2012,7248
09-05-2012,7363
10-05-2012,7389
11-05-2012,7055
12-05-2012,7375
13-05-2012,7386
14-05-2012,7476
15-05-2012,7483
16-05-2012,7455
17-05-2012,7239
18-05-2012,6903
19-05-2012,7516
20-05-2012,7480
21-05-2012,7289
22-05-2012,7458
23-05-2012,7539
24-05-2012,7553
25-05-2012,7503
26-05-2012,7519
27-05-2012,7008
28-05-2012,7471
29-05-2012,7545
30-05-2012,7589
31-05-2012,7567
01-06-2012,7233
02-06-2012,7213
03-06-2012,7186
04-06-2012,7262
05-06-2012,7234
06-06-2012,6822
07-06-2012,7088
08-06-2012,7221
09-06-2012,7238
10-06-2012,7354
11-06-2012,7135
12-06-2012,6481
13-06-2012,2750
14-06-2012,4896
15-06-2012,6850
16-06-2012,6676
17-06-2012,7310
18-06-2012,7344
19-06-2012,7341
20-06-2012,7325
21-06-2012,7259
22-06-2012,7363
23-06-2012,7137
24-06-2012,7257
25-06-2012,7212
26-06-2012,7079
27-06-2012,6962
28-06-2012,7284
29-06-2012,7400
30-06-2012,7275
01-07-2012,6956
02-07-2012,7033
03-07-2012,7107
04-07-2012,6820
05-07-2012,6678
06-07-2012,6800
07-07-2012,5825
08-07-2012,6476
09-07-2012,5450
10-07-2012,3033
11-07-2012,3508
12-07-2012,4091
13-07-2012,6909
14-07-2012,4186
15-07-2012,4557
16-07-2012,6327
17-07-2012,6653
18-07-2012,7040
19-07-2012,6828
20-07-2012,6422
21-07-2012,5922
22-07-2012,5998
23-07-2012,6362
24-07-2012,6791
25-07-2012,6397
26-07-2012,6877
27-07-2012,6734
28-07-2012,4908
29-07-2012,5671
30-07-2012,2775
31-07-2012,5608
01-08-2012,6653
02-08-2012,6418
03-08-2012,6899
04-08-2012,5162
05-08-2012,6291
06-08-2012,5598
07-08-2012,3928
08-08-2012,3240
09-08-2012,3040
10-08-2012,6120
11-08-2012,5167
12-08-2012,5224
13-08-2012,5474
14-08-2012,2978
15-08-2012,1539
16-08-2012,3358
17-08-2012,4792
18-08-2012,6266
19-08-2012,6526
20-08-2012,5241
21-08-2012,5790
22-08-2012,2426
23-08-2012,2289
24-08-2012,3720
25-08-2012,6289
26-08-2012,5903
27-08-2012,5988
28-08-2012,4977
29-08-2012,6032
30-08-2012,6021
31-08-2012,3717
01-09-2012,6761
02-09-2012,6134
03-09-2012,4337
04-09-2012,4601
05-09-2012,6452
06-09-2012,5877
07-09-2012,4715
08-09-2012,4247
09-09-2012,6050
10-09-2012,6212
11-09-2012,5719
12-09-2012,5676
13-09-2012,4819
14-09-2012,5234
15-09-2012,5385
16-09-2012,3659
17-09-2012,5756
18-09-2012,4888
19-09-2012,5987
20-09-2012,5706
21-09-2012,6278
22-09-2012,6318
23-09-2012,6331
24-09-2012,6236
25-09-2012,5993
26-09-2012,6118
27-09-2012,6204
28-09-2012,6214
29-09-2012,6110
30-09-2012,6110
01-10-2012,5993
02-10-2012,5910
03-10-2012,5843
04-10-2012,5842
05-10-2012,5912
06-10-2012,5925
07-10-2012,5505
08-10-2012,5513
09-10-2012,5785
10-10-2012,5759
11-10-2012,5710
12-10-2012,5616
13-10-2012,5620
14-10-2012,5578
15-10-2012,5528
16-10-2012,5476
17-10-2012,5411
18-10-2012,5386
19-10-2012,5425
20-10-2012,5380
21-10-2012,5218
22-10-2012,5076
23-10-2012,5222
24-10-2012,5189
25-10-2012,5136
26-10-2012,5106
27-10-2012,5068
28-10-2012,5015
29-10-2012,4965
30-10-2012,4914
31-10-2012,4884
01-11-2012,5035
02-11-2012,4990
03-11-2012,5001
04-11-2012,4957
05-11-2012,4888
06-11-2012,4817
07-11-2012,4817
08-11-2012,4790
09-11-2012,4667
10-11-2012,4487
11-11-2012,3415
12-11-2012,4690
13-11-2012,4559
14-11-2012,4627
15-11-2012,4558
16-11-2012,4525
17-11-2012,4477
18-11-2012,4465
19-11-2012,4466
20-11-2012,4436
21-11-2012,4408
22-11-2012,4342
23-11-2012,4307
24-11-2012,4266
25-11-2012,4232
26-11-2012,4164
27-11-2012,4187
28-11-2012,4185
29-11-2012,3906
30-11-2012,4100
01-12-2012,4295
02-12-2012,4216
03-12-2012,4161
04-12-2012,4143
05-12-2012,3846
06-12-2012,4168
07-12-2012,3468
08-12-2012,4175
09-12-2012,4170
10-12-2012,4080
11-12-2012,4126
12-12-2012,4093
13-12-2012,4023
14-12-2012,3792
15-12-2012,3723
16-12-2012,3245
17-12-2012,3987
18-12-2012,4009
19-12-2012,4029
20-12-2012,4008
21-12-2012,4004
22-12-2012,4004
23-12-2012,3994
24-12-2012,4080
25-12-2012,4060
26-12-2012,4112
27-12-2012,4094
28-12-2012,4075
29-12-2012,3993
30-12-2012,3816
31-12-2012,4038
01-01-2013,4185
02-01-2013,4185
03-01-2013,4166
04-01-2013,4106
05-01-2013,4182
06-01-2013,4206
07-01-2013,4238
08-01-2013,4343
09-01-2013,4314
10-01-2013,4318
11-01-2013,4271
12-01-2013,4278
13-01-2013,4300
14-01-2013,4416
15-01-2013,4416
16-01-2013,4372
17-01-2013,1632
18-01-2013,4387
19-01-2013,4558
20-01-2013,4555
21-01-2013,4587
22-01-2013,4619
23-01-2013,4657
24-01-2013,4696
25-01-2013,4729
26-01-2013,4764
27-01-2013,4777
28-01-2013,4624
29-01-2013,4837
30-01-2013,4176
31-01-2013,4324
01-02-2013,4014
02-02-2013,4519
03-02-2013,3585
04-02-2013,1707
05-02-2013,4997
06-02-2013,4973
07-02-2013,4963
08-02-2013,5022
09-02-2013,5054
10-02-2013,5130
11-02-2013,5239
12-02-2013,5193
13-02-2013,5245
14-02-2013,5216
15-02-2013,5221
16-02-2013,3850
17-02-2013,5383
18-02-2013,5536
19-02-2013,5305
20-02-2013,5584
21-02-2013,5571
22-02-2013,5457
23-02-2013,5589
24-02-2013,5839
25-02-2013,5826
26-02-2013,5856
27-02-2013,5920
28-02-2013,5907
01-03-2013,5642
02-03-2013,5846
03-03-2013,5900
04-03-2013,5933
05-03-2013,6052
06-03-2013,6077
07-03-2013,6026
08-03-2013,6235
09-03-2013,6258
10-03-2013,6127
11-03-2013,6169
12-03-2013,6445
13-03-2013,6333
14-03-2013,6443
15-03-2013,6114
16-03-2013,6570
17-03-2013,6683
18-03-2013,6682
19-03-2013,6747
20-03-2013,6769
21-03-2013,6808
22-03-2013,5025
23-03-2013,6787
24-03-2013,6853
25-03-2013,6089
26-03-2013,6313
27-03-2013,2645
28-03-2013,6572
29-03-2013,6649
30-03-2013,7072
31-03-2013,7166
01-04-2013,6770
02-04-2013,6813
03-04-2013,6689
04-04-2013,6854
05-04-2013,6875
06-04-2013,6924
07-04-2013,6964
08-04-2013,6870
09-04-2013,5985
10-04-2013,6807
11-04-2013,6917
12-04-2013,6704
13-04-2013,6884
14-04-2013,7140
15-04-2013,7208
16-04-2013,7132
17-04-2013,7210
18-04-2013,6246
19-04-2013,7238
20-04-2013,7165
21-04-2013,7000
22-04-2013,5647
23-04-2013,7165
24-04-2013,6672
25-04-2013,6788
26-04-2013,7371
27-04-2013,7155
28-04-2013,7059
29-04-2013,7355
30-04-2013,7415
01-05-2013,7249
02-05-2013,6860
03-05-2013,7327
04-05-2013,7344
05-05-2013,7330
06-05-2013,7334
07-05-2013,7355
08-05-2013,7386
09-05-2013,7400
10-05-2013,7219
11-05-2013,6962
12-05-2013,7381
13-05-2013,7486
14-05-2013,7360
15-05-2013,7226
16-05-2013,7187
17-05-2013,7502
18-05-2013,7519
19-05-2013,7538
20-05-2013,7547
21-05-2013,7541
22-05-2013,7564
23-05-2013,7590
24-05-2013,7594
25-05-2013,7591
26-05-2013,7542
27-05-2013,7519
28-05-2013,7570
29-05-2013,7648
30-05-2013,6604
31-05-2013,7536
01-06-2013,7498
02-06-2013,7413
03-06-2013,7285
04-06-2013,6924
05-06-2013,7499
06-06-2013,7558
07-06-2013,7576
08-06-2013,7342
09-06-2013,6740
10-06-2013,6640
11-06-2013,7206
12-06-2013,4668
13-06-2013,7282
14-06-2013,4625
15-06-2013,6636
16-06-2013,7184
17-06-2013,4843
18-06-2013,6164
19-06-2013,7447
20-06-2013,7403
21-06-2013,7540
22-06-2013,7535
23-06-2013,7528
24-06-2013,7510
25-06-2013,7437
26-06-2013,7376
27-06-2013,7280
28-06-2013,6326
29-06-2013,5923
30-06-2013,6345
01-07-2013,7274
02-07-2013,7342
03-07-2013,5062
04-07-2013,5688
05-07-2013,5850
06-07-2013,6050
07-07-2013,5443
08-07-2013,6931
09-07-2013,5945
10-07-2013,5511
11-07-2013,6227
12-07-2013,6376
13-07-2013,5090
14-07-2013,6120
15-07-2013,6429
16-07-2013,7247
17-07-2013,7059
18-07-2013,7276
19-07-2013,7067
20-07-2013,6060
21-07-2013,3023
22-07-2013,5250
23-07-2013,6917
24-07-2013,6860
25-07-2013,5292
26-07-2013,6430
27-07-2013,3950
28-07-2013,4623
29-07-2013,4045
30-07-2013,4339
31-07-2013,4650
01-08-2013,4932
02-08-2013,6618
03-08-2013,6610
04-08-2013,4776
05-08-2013,5337
06-08-2013,4448
07-08-2013,4611
08-08-2013,5472
09-08-2013,5256
10-08-2013,5254
11-08-2013,3541
12-08-2013,3415
13-08-2013,3410
14-08-2013,4311
15-08-2013,5720
16-08-2013,4246
17-08-2013,6225
18-08-2013,6722
19-08-2013,6914
20-08-2013,5724
21-08-2013,6289
22-08-2013,6995
23-08-2013,6974
24-08-2013,6301
25-08-2013,6831
26-08-2013,6847
27-08-2013,6669
28-08-2013,5286
29-08-2013,5966
30-08-2013,6448
31-08-2013,6663
01-09-2013,6813
02-09-2013,6850
03-09-2013,6185
04-09-2013,6850
05-09-2013,6859
06-09-2013,6321
07-09-2013,6634
08-09-2013,6268
09-09-2013,6690
10-09-2013,6716
11-09-2013,6612
12-09-2013,6391
13-09-2013,6069
14-09-2013,6559
15-09-2013,6501
16-09-2013,6371
17-09-2013,6311
18-09-2013,6452
19-09-2013,6508
20-09-2013,6534
21-09-2013,5627
22-09-2013,4909
23-09-2013,3121
24-09-2013,4817
25-09-2013,5126
26-09-2013,4705
27-09-2013,5820
28-09-2013,1460
29-09-2013,1938
30-09-2013,3812
01-10-2013,5596
02-10-2013,5258
03-10-2013,4930
04-10-2013,5838
05-10-2013,5766
06-10-2013,5688
07-10-2013,5496
08-10-2013,5464
09-10-2013,5610
10-10-2013,5589
11-10-2013,5287
12-10-2013,5583
13-10-2013,5515
14-10-2013,5501
15-10-2013,5574
16-10-2013,5483
17-10-2013,5505
18-10-2013,5457
19-10-2013,5493
20-10-2013,5437
21-10-2013,5399
22-10-2013,5339
23-10-2013,5303
24-10-2013,5247
25-10-2013,5203
26-10-2013,5166
27-10-2013,5104
28-10-2013,5062
29-10-2013,5017
30-10-2013,4970
31-10-2013,4917
01-11-2013,4915
02-11-2013,5059
03-11-2013,4997
04-11-2013,4949
05-11-2013,4800
06-11-2013,4660
07-11-2013,4677
08-11-2013,4487
09-11-2013,4536
10-11-2013,4715
11-11-2013,4723
12-11-2013,4684
13-11-2013,4661
14-11-2013,4587
15-11-2013,4595
16-11-2013,4582
17-11-2013,4523
18-11-2013,4466
19-11-2013,4446
20-11-2013,4462
21-11-2013,4412
22-11-2013,4357
23-11-2013,4329
24-11-2013,4256
25-11-2013,4264
26-11-2013,4210
27-11-2013,4218
28-11-2013,4159
29-11-2013,4186
30-11-2013,4131
01-12-2013,4328
02-12-2013,4278
03-12-2013,4296
04-12-2013,4246
05-12-2013,4239
06-12-2013,4234
07-12-2013,4217
08-12-2013,4238
09-12-2013,4220
10-12-2013,4174
11-12-2013,4191
12-12-2013,4160
13-12-2013,4149
14-12-2013,4105
15-12-2013,4099
16-12-2013,4103
17-12-2013,4119
18-12-2013,4097
19-12-2013,2876
20-12-2013,3875
21-12-2013,3756
22-12-2013,4056
23-12-2013,3555
24-12-2013,4083
25-12-2013,4104
26-12-2013,4107
27-12-2013,4117
28-12-2013,4115
29-12-2013,4138
30-12-2013,4025
31-12-2013,4120
01-01-2014,4128
02-01-2014,4155
03-01-2014,3422
04-01-2014,4230
05-01-2014,4212
06-01-2014,4213
07-01-2014,4290
08-01-2014,4168
09-01-2014,4321
10-01-2014,3895
11-01-2014,4148
12-01-2014,4277
13-01-2014,4156
14-01-2014,4325
15-01-2014,4403
16-01-2014,4419
17-01-2014,4373
18-01-2014,4497
19-01-2014,4532
20-01-2014,4386
21-01-2014,3277
22-01-2014,3871
23-01-2014,3941
24-01-2014,3721
25-01-2014,4603
26-01-2014,4721
27-01-2014,4754
28-01-2014,4285
29-01-2014,4828
30-01-2014,4910
31-01-2014,4862
01-02-2014,4817
02-02-2014,4713
03-02-2014,4595
04-02-2014,4947
05-02-2014,4601
06-02-2014,4437
07-02-2014,4319
08-02-2014,5142
09-02-2014,5168
10-02-2014,2412
11-02-2014,5256
12-02-2014,5320
13-02-2014,3663
14-02-2014,5177
15-02-2014,5479
16-02-2014,5413
17-02-2014,5526
18-02-2014,5571
19-02-2014,5667
20-02-2014,5702
21-02-2014,5644
22-02-2014,5709
23-02-2014,5755
24-02-2014,4484
25-02-2014,5744
26-02-2014,5603
27-02-2014,5502
28-02-2014,4808
01-03-2014,5818
02-03-2014,5917
03-03-2014,5569
04-03-2014,5743
05-03-2014,6067
06-03-2014,6136
07-03-2014,6173
08-03-2014,6199
09-03-2014,5852
10-03-2014,6066
11-03-2014,6214
12-03-2014,5684
13-03-2014,6338
14-03-2014,6405
15-03-2014,6475
16-03-2014,6450
17-03-2014,6412
18-03-2014,6518
19-03-2014,6578
20-03-2014,6618
21-03-2014,6690
22-03-2014,6641
23-03-2014,6528
24-03-2014,6622
25-03-2014,6455
26-03-2014,6112
27-03-2014,4501
28-03-2014,5615
29-03-2014,6783
30-03-2014,6124
31-03-2014,6881
01-04-2014,6832
02-04-2014,6641
03-04-2014,6884
04-04-2014,6876
05-04-2014,6952
06-04-2014,6740
07-04-2014,6975
08-04-2014,7021
09-04-2014,7056
10-04-2014,7088
11-04-2014,7108
12-04-2014,7154
13-04-2014,7073
14-04-2014,7088
15-04-2014,7212
16-04-2014,6204
17-04-2014,5416
18-04-2014,3799
19-04-2014,7305
20-04-2014,6028
21-04-2014,7406
22-04-2014,7397
23-04-2014,7365
24-04-2014,7382
25-04-2014,7354
26-04-2014,7290
27-04-2014,7500
28-04-2014,7508
29-04-2014,7458
30-04-2014,7407
01-05-2014,7310
02-05-2014,7366
03-05-2014,7271
04-05-2014,5894
05-05-2014,6064
06-05-2014,6970
07-05-2014,7375
08-05-2014,6878
09-05-2014,7443
10-05-2014,7117
11-05-2014,7157
12-05-2014,7423
13-05-2014,7258
14-05-2014,7258
15-05-2014,6652
16-05-2014,7437
17-05-2014,7235
18-05-2014,7419
19-05-2014,7508
20-05-2014,7581
21-05-2014,7593
22-05-2014,7604
23-05-2014,7542
24-05-2014,7123
25-05-2014,7544
26-05-2014,7625
27-05-2014,7300
28-05-2014,7600
29-05-2014,7544
30-05-2014,7558
31-05-2014,7467
01-06-2014,7308
02-06-2014,7259
03-06-2014,6907
04-06-2014,7211
05-06-2014,6752
06-06-2014,7330
07-06-2014,7363
08-06-2014,7383
09-06-2014,7330
10-06-2014,7323
11-06-2014,7359
12-06-2014,7392
13-06-2014,7339
14-06-2014,6406
15-06-2014,6988
16-06-2014,7371
17-06-2014,7136
18-06-2014,7322
19-06-2014,7134
20-06-2014,7295
21-06-2014,7294
22-06-2014,6840
23-06-2014,5792
24-06-2014,7089
25-06-2014,7125
26-06-2014,6800
27-06-2014,7454
28-06-2014,7429
29-06-2014,7386
30-06-2014,7300
01-07-2014,5304
02-07-2014,5735
03-07-2014,6329
04-07-2014,6442
05-07-2014,6958
06-07-2014,7080
07-07-2014,7269
08-07-2014,7113
09-07-2014,7113
10-07-2014,7111
11-07-2014,7223
12-07-2014,7034
13-07-2014,6439
14-07-2014,5743
15-07-2014,6951
16-07-2014,5993
17-07-2014,4535
18-07-2014,5688
19-07-2014,6235
20-07-2014,6951
21-07-2014,7045
22-07-2014,6725
23-07-2014,6706
24-07-2014,5305
25-07-2014,3962
26-07-2014,3148
27-07-2014,6106
28-07-2014,5332
29-07-2014,2222
30-07-2014,6324
31-07-2014,6861
01-08-2014,6126
02-08-2014,5604
03-08-2014,6114
04-08-2014,5738
05-08-2014,3656
06-08-2014,3407
07-08-2014,1990
08-08-2014,5131
09-08-2014,4630
10-08-2014,5667
11-08-2014,2925
12-08-2014,4810
13-08-2014,6466
14-08-2014,5635
15-08-2014,4268
16-08-2014,4223
17-08-2014,5995
18-08-2014,6242
19-08-2014,6903
20-08-2014,7097
21-08-2014,7059
22-08-2014,6861
23-08-2014,6556
24-08-2014,6914
25-08-2014,6479
26-08-2014,6092
27-08-2014,5080
28-08-2014,5338
29-08-2014,6701
30-08-2014,6681
31-08-2014,6480
01-09-2014,6298
02-09-2014,5529
03-09-2014,3221
04-09-2014,2205
05-09-2014,5789
06-09-2014,6229
07-09-2014,6566
08-09-2014,6668
09-09-2014,4699
10-09-2014,4922
11-09-2014,5010
12-09-2014,5223
13-09-2014,6380
14-09-2014,6092
15-09-2014,6292
16-09-2014,6487
17-09-2014,6554
18-09-2014,6555
19-09-2014,6518
20-09-2014,6507
21-09-2014,6468
22-09-2014,6426
23-09-2014,6380
24-09-2014,6319
25-09-2014,6193
26-09-2014,6135
27-09-2014,6137
28-09-2014,6209
29-09-2014,6189
30-09-2014,6068
01-10-2014,5894
02-10-2014,5888
03-10-2014,5922
04-10-2014,5903
05-10-2014,5825
06-10-2014,5784
07-10-2014,5719
08-10-2014,5701
09-10-2014,5663
10-10-2014,5717
11-10-2014,5688
12-10-2014,5594
13-10-2014,5558
14-10-2014,4767
15-10-2014,5293
16-10-2014,5224
17-10-2014,5444
18-10-2014,5400
19-10-2014,5329
20-10-2014,5278
21-10-2014,5312
22-10-2014,5191
23-10-2014,5076
24-10-2014,4638
25-10-2014,4814
26-10-2014,5039
27-10-2014,4993
28-10-2014,4954
29-10-2014,4697
30-10-2014,4518
31-10-2014,1968
01-11-2014,3670
02-11-2014,4709
03-11-2014,4661
04-11-2014,4760
05-11-2014,4860
06-11-2014,4858
07-11-2014,4741
08-11-2014,4713
09-11-2014,4686
10-11-2014,4708
11-11-2014,4717
12-11-2014,4658
13-11-2014,4503
14-11-2014,4551
15-11-2014,4475
16-11-2014,4502
17-11-2014,4470
18-11-2014,4430
19-11-2014,4415
20-11-2014,4373
21-11-2014,4381
22-11-2014,4191
23-11-2014,4302
24-11-2014,4266
25-11-2014,4246
26-11-2014,4230
27-11-2014,4225
28-11-2014,4186
29-11-2014,4169
30-11-2014,4151
01-12-2014,4334
02-12-2014,4314
03-12-2014,4278
04-12-2014,4285
05-12-2014,4281
06-12-2014,4159
07-12-2014,4211
08-12-2014,4137
09-12-2014,4168
10-12-2014,4132
11-12-2014,4136
12-12-2014,4087
13-12-2014,4005
14-12-2014,4094
15-12-2014,3862
16-12-2014,4082
17-12-2014,4062
18-12-2014,3975
19-12-2014,2342
20-12-2014,3996
21-12-2014,4031
22-12-2014,4035
23-12-2014,4068
24-12-2014,4062
25-12-2014,4012
26-12-2014,4044
27-12-2014,4006
28-12-2014,4031
29-12-2014,4021
30-12-2014,4084
31-12-2014,4109
